-- Mock data for poc_properties
-- Run manually against the poc_properties PostgreSQL database before load tests.
-- Schema: property_detail, locked_property, amenity, property_detail_amenities, review
-- IDs updated to UUIDs for compatibility with PricingOrchestrator
-- Idempotent: TRUNCATE at the top clears all data before re-inserting.

-- Clear existing data (idempotent)
TRUNCATE TABLE review, property_detail_amenities, locked_property, property_detail, amenity CASCADE;

-- Insert property_detail rows: 150 properties across Cartagena, Bogota, Medellin
-- Capacities: 2, 4, 6, 8, 10 (SearchPropertySpecification uses exact match)
-- photos: real S3 images, cycling through 7 photos via (row_index - 1) % 7
INSERT INTO property_detail (id, name, city, max_capacity, description, photos, check_in_time,
                             check_out_time, admin_group_id)
VALUES ('a1b2c3d4-1111-4000-8000-000000000001', 'Casa Playa Cartagena', 'Cartagena', 4,
        'Hermosa casa frente al mar con vista al Caribe',
        ARRAY ['https://travelhub-pictures.s3.us-east-1.amazonaws.com/TAgGZWz6Qg8.jpg'], '15:00', '11:00', '00000000-0000-0000-0000-000000000001'),
       ('a1b2c3d4-1111-4000-8000-000000000002', 'Apartamento Centro Histórico', 'Cartagena', 2,
        'Apto en el corazón de la ciudad amurallada',
        ARRAY ['https://travelhub-pictures.s3.us-east-1.amazonaws.com/vmIWr0NnpCQ.jpg'], '14:00', '12:00', '00000000-0000-0000-0000-000000000001'),
       ('a1b2c3d4-1111-4000-8000-000000000003', 'Villa Bocagrande', 'Cartagena', 6, 'Villa con piscina en Bocagrande',
        ARRAY ['https://travelhub-pictures.s3.us-east-1.amazonaws.com/_pPHgeHz1uk.jpg'], '15:00', '10:00', '00000000-0000-0000-0000-000000000001'),
       ('a1b2c3d4-1111-4000-8000-000000000004', 'Cabaña Playa Blanca', 'Cartagena', 4,
        'Cabaña rústica a pasos de la playa',
        ARRAY ['https://travelhub-pictures.s3.us-east-1.amazonaws.com/DGa0LQ0yDPc-.jpg'],
        '14:00', '11:00', '00000000-0000-0000-0000-000000000001'),
       ('a1b2c3d4-1111-4000-8000-000000000005', 'Loft Getsemaní', 'Cartagena', 2, 'Loft moderno en barrio bohemio',
        ARRAY ['https://travelhub-pictures.s3.us-east-1.amazonaws.com/T5pL6ciEn.jpg'], '15:00', '11:00', '00000000-0000-0000-0000-000000000001'),
       ('a1b2c3d4-1111-4000-8000-000000000006', 'Casa Familiar Castillogrande', 'Cartagena', 8,
        'Casa amplia para familias grandes',
        ARRAY ['https://travelhub-pictures.s3.us-east-1.amazonaws.com/Yrxr3bsPdS0.jpg'],
        '15:00', '10:00', '00000000-0000-0000-0000-000000000001'),
       ('a1b2c3d4-1111-4000-8000-000000000007', 'Estudio Laguito', 'Cartagena', 2, 'Estudio con vista al mar',
        ARRAY ['https://travelhub-pictures.s3.us-east-1.amazonaws.com/_dS27XGgRyQ.jpg'], '14:00', '12:00', '00000000-0000-0000-0000-000000000001'),
       ('a1b2c3d4-1111-4000-8000-000000000008', 'Penthouse Manga', 'Cartagena', 6, 'Penthouse con terraza panorámica',
        ARRAY ['https://travelhub-pictures.s3.us-east-1.amazonaws.com/TAgGZWz6Qg8.jpg'], '15:00', '11:00', '00000000-0000-0000-0000-000000000001'),
       ('a1b2c3d4-1111-4000-8000-000000000009', 'Casa Cholon', 'Cartagena', 10, 'Casa para grupos en Islas del Rosario',
        ARRAY ['https://travelhub-pictures.s3.us-east-1.amazonaws.com/vmIWr0NnpCQ.jpg'], '14:00', '10:00', '00000000-0000-0000-0000-000000000001'),
       ('a1b2c3d4-1111-4000-8000-000000000010', 'Apto Marbella', 'Cartagena', 4, 'Apartamento con amenities',
        ARRAY ['https://travelhub-pictures.s3.us-east-1.amazonaws.com/_pPHgeHz1uk.jpg'], '15:00', '11:00', '00000000-0000-0000-0000-000000000001'),
       ('a1b2c3d4-1111-4000-8000-000000000011', 'Apto Chapinero Alto', 'Bogotá', 4, 'Apartamento en zona G de Bogotá',
        ARRAY ['https://travelhub-pictures.s3.us-east-1.amazonaws.com/DGa0LQ0yDPc-.jpg'], '15:00', '11:00', '00000000-0000-0000-0000-000000000001'),
       ('a1b2c3d4-1111-4000-8000-000000000012', 'Casa Usaquén', 'Bogotá', 6, 'Casa colonial en Usaquén',
        ARRAY ['https://travelhub-pictures.s3.us-east-1.amazonaws.com/T5pL6ciEn.jpg'], '14:00', '12:00', '00000000-0000-0000-0000-000000000001'),
       ('a1b2c3d4-1111-4000-8000-000000000013', 'Estudio La Candelaria', 'Bogotá', 2, 'Estudio en centro histórico',
        ARRAY ['https://travelhub-pictures.s3.us-east-1.amazonaws.com/Yrxr3bsPdS0.jpg'], '15:00', '11:00', '00000000-0000-0000-0000-000000000001'),
       ('a1b2c3d4-1111-4000-8000-000000000014', 'Loft Zona T', 'Bogotá', 4, 'Loft cerca de restaurantes y bares',
        ARRAY ['https://travelhub-pictures.s3.us-east-1.amazonaws.com/_dS27XGgRyQ.jpg'], '15:00', '10:00', '00000000-0000-0000-0000-000000000001'),
       ('a1b2c3d4-1111-4000-8000-000000000015', 'Apartamento Rosales', 'Bogotá', 6, 'Apto con vista a los cerros',
        ARRAY ['https://travelhub-pictures.s3.us-east-1.amazonaws.com/TAgGZWz6Qg8.jpg'], '14:00', '11:00', '00000000-0000-0000-0000-000000000001'),
       ('a1b2c3d4-1111-4000-8000-000000000016', 'Casa Suba', 'Bogotá', 8, 'Casa familiar en el norte',
        ARRAY ['https://travelhub-pictures.s3.us-east-1.amazonaws.com/vmIWr0NnpCQ.jpg'], '15:00', '11:00', '00000000-0000-0000-0000-000000000001'),
       ('a1b2c3d4-1111-4000-8000-000000000017', 'Apto Teusaquillo', 'Bogotá', 4, 'Apartamento cerca de parques',
        ARRAY ['https://travelhub-pictures.s3.us-east-1.amazonaws.com/_pPHgeHz1uk.jpg'], '14:00', '12:00', '00000000-0000-0000-0000-000000000001'),
       ('a1b2c3d4-1111-4000-8000-000000000018', 'Cabaña Chía', 'Bogotá', 4, 'Cabaña en las afueras',
        ARRAY ['https://travelhub-pictures.s3.us-east-1.amazonaws.com/DGa0LQ0yDPc-.jpg'], '15:00', '10:00', '00000000-0000-0000-0000-000000000001'),
       ('a1b2c3d4-1111-4000-8000-000000000019', 'Penthouse Parque 93', 'Bogotá', 6, 'Penthouse con vista al parque',
        ARRAY ['https://travelhub-pictures.s3.us-east-1.amazonaws.com/T5pL6ciEn.jpg'], '15:00', '11:00', '00000000-0000-0000-0000-000000000001'),
       ('a1b2c3d4-1111-4000-8000-000000000020', 'Casa Cedritos', 'Bogotá', 10, 'Casa amplia para eventos',
        ARRAY ['https://travelhub-pictures.s3.us-east-1.amazonaws.com/Yrxr3bsPdS0.jpg'], '14:00', '11:00', '00000000-0000-0000-0000-000000000001'),
       ('a1b2c3d4-1111-4000-8000-000000000021', 'Apartamento El Poblado', 'Medellín', 4,
        'Apto en zona premium de Medellín',
        ARRAY ['https://travelhub-pictures.s3.us-east-1.amazonaws.com/_dS27XGgRyQ.jpg'],
        '15:00', '11:00', '00000000-0000-0000-0000-000000000001'),
       ('a1b2c3d4-1111-4000-8000-000000000022', 'Casa Laureles', 'Medellín', 6, 'Casa con jardín en Laureles',
        ARRAY ['https://travelhub-pictures.s3.us-east-1.amazonaws.com/TAgGZWz6Qg8.jpg'], '14:00', '12:00', '00000000-0000-0000-0000-000000000001'),
       ('a1b2c3d4-1111-4000-8000-000000000023', 'Estudio Envigado', 'Medellín', 2, 'Estudio cerca del metro',
        ARRAY ['https://travelhub-pictures.s3.us-east-1.amazonaws.com/vmIWr0NnpCQ.jpg'], '15:00', '11:00', '00000000-0000-0000-0000-000000000001'),
       ('a1b2c3d4-1111-4000-8000-000000000024', 'Loft Provenza', 'Medellín', 4, 'Loft en zona de rumba',
        ARRAY ['https://travelhub-pictures.s3.us-east-1.amazonaws.com/_pPHgeHz1uk.jpg'], '15:00', '10:00', '00000000-0000-0000-0000-000000000001'),
       ('a1b2c3d4-1111-4000-8000-000000000025', 'Casa Sabaneta', 'Medellín', 8, 'Casa familiar en Sabaneta',
        ARRAY ['https://travelhub-pictures.s3.us-east-1.amazonaws.com/DGa0LQ0yDPc-.jpg'], '14:00', '11:00', '00000000-0000-0000-0000-000000000001'),
       ('a1b2c3d4-1111-4000-8000-000000000026', 'Apto Belén', 'Medellín', 4, 'Apartamento con vista',
        ARRAY ['https://travelhub-pictures.s3.us-east-1.amazonaws.com/T5pL6ciEn.jpg'], '15:00', '11:00', '00000000-0000-0000-0000-000000000001'),
       ('a1b2c3d4-1111-4000-8000-000000000027', 'Cabaña Santa Elena', 'Medellín', 6, 'Cabaña en zona rural',
        ARRAY ['https://travelhub-pictures.s3.us-east-1.amazonaws.com/Yrxr3bsPdS0.jpg'], '14:00', '12:00', '00000000-0000-0000-0000-000000000001'),
       ('a1b2c3d4-1111-4000-8000-000000000028', 'Casa Guayabal', 'Medellín', 6, 'Casa con parqueadero',
        ARRAY ['https://travelhub-pictures.s3.us-east-1.amazonaws.com/_dS27XGgRyQ.jpg'], '15:00', '10:00', '00000000-0000-0000-0000-000000000001'),
       ('a1b2c3d4-1111-4000-8000-000000000029', 'Apartamento Ciudad del Río', 'Medellín', 4, 'Apto cerca de museos',
        ARRAY ['https://travelhub-pictures.s3.us-east-1.amazonaws.com/TAgGZWz6Qg8.jpg'], '15:00', '11:00', '00000000-0000-0000-0000-000000000001'),
       ('a1b2c3d4-1111-4000-8000-000000000030', 'Villa Llanogrande', 'Medellín', 10, 'Villa para grupos grandes',
        ARRAY ['https://travelhub-pictures.s3.us-east-1.amazonaws.com/vmIWr0NnpCQ.jpg'], '14:00', '11:00', '00000000-0000-0000-0000-000000000001'),
       ('a1b2c3d4-1111-4000-8000-000000000031', 'Casa Playa 2', 'Cartagena', 6, 'Segunda casa en la playa',
        ARRAY ['https://travelhub-pictures.s3.us-east-1.amazonaws.com/_pPHgeHz1uk.jpg'], '15:00', '11:00', '00000000-0000-0000-0000-000000000001'),
       ('a1b2c3d4-1111-4000-8000-000000000032', 'Apto Centro 2', 'Cartagena', 2, 'Apto económico en centro',
        ARRAY ['https://travelhub-pictures.s3.us-east-1.amazonaws.com/DGa0LQ0yDPc-.jpg'], '14:00', '12:00', '00000000-0000-0000-0000-000000000001'),
       ('a1b2c3d4-1111-4000-8000-000000000033', 'Casa Barú', 'Cartagena', 8, 'Casa en Isla Barú',
        ARRAY ['https://travelhub-pictures.s3.us-east-1.amazonaws.com/T5pL6ciEn.jpg'], '15:00', '10:00', '00000000-0000-0000-0000-000000000001'),
       ('a1b2c3d4-1111-4000-8000-000000000034', 'Loft San Diego', 'Cartagena', 4, 'Loft en San Diego',
        ARRAY ['https://travelhub-pictures.s3.us-east-1.amazonaws.com/Yrxr3bsPdS0.jpg'], '15:00', '11:00', '00000000-0000-0000-0000-000000000001'),
       ('a1b2c3d4-1111-4000-8000-000000000035', 'Villa Tierrabomba', 'Cartagena', 10, 'Villa exclusiva en Tierrabomba',
        ARRAY ['https://travelhub-pictures.s3.us-east-1.amazonaws.com/_dS27XGgRyQ.jpg'], '14:00', '11:00', '00000000-0000-0000-0000-000000000001'),
       ('a1b2c3d4-1111-4000-8000-000000000036', 'Estudio Centro', 'Bogotá', 2, 'Estudio céntrico',
        ARRAY ['https://travelhub-pictures.s3.us-east-1.amazonaws.com/TAgGZWz6Qg8.jpg'], '15:00', '11:00', '00000000-0000-0000-0000-000000000001'),
       ('a1b2c3d4-1111-4000-8000-000000000037', 'Casa Norte', 'Bogotá', 6, 'Casa en el norte de Bogotá',
        ARRAY ['https://travelhub-pictures.s3.us-east-1.amazonaws.com/vmIWr0NnpCQ.jpg'], '14:00', '12:00', '00000000-0000-0000-0000-000000000001'),
       ('a1b2c3d4-1111-4000-8000-000000000038', 'Apto Chicó', 'Bogotá', 4, 'Apartamento en Chicó',
        ARRAY ['https://travelhub-pictures.s3.us-east-1.amazonaws.com/_pPHgeHz1uk.jpg'], '15:00', '10:00', '00000000-0000-0000-0000-000000000001'),
       ('a1b2c3d4-1111-4000-8000-000000000039', 'Casa La Calera', 'Bogotá', 8, 'Casa en las montañas',
        ARRAY ['https://travelhub-pictures.s3.us-east-1.amazonaws.com/DGa0LQ0yDPc-.jpg'], '15:00', '11:00', '00000000-0000-0000-0000-000000000001'),
       ('a1b2c3d4-1111-4000-8000-000000000040', 'Loft Quinta Camacho', 'Bogotá', 4, 'Loft en zona gastronómica',
        ARRAY ['https://travelhub-pictures.s3.us-east-1.amazonaws.com/T5pL6ciEn.jpg'], '14:00', '11:00', '00000000-0000-0000-0000-000000000001'),
       ('a1b2c3d4-1111-4000-8000-000000000041', 'Apartamento Manila', 'Medellín', 4, 'Apto en Manila',
        ARRAY ['https://travelhub-pictures.s3.us-east-1.amazonaws.com/Yrxr3bsPdS0.jpg'], '15:00', '11:00', '00000000-0000-0000-0000-000000000001'),
       ('a1b2c3d4-1111-4000-8000-000000000042', 'Casa Poblado Alto', 'Medellín', 6, 'Casa con vista al valle',
        ARRAY ['https://travelhub-pictures.s3.us-east-1.amazonaws.com/_dS27XGgRyQ.jpg'], '14:00', '12:00', '00000000-0000-0000-0000-000000000001'),
       ('a1b2c3d4-1111-4000-8000-000000000043', 'Estudio Estadio', 'Medellín', 2, 'Estudio cerca del estadio',
        ARRAY ['https://travelhub-pictures.s3.us-east-1.amazonaws.com/TAgGZWz6Qg8.jpg'], '15:00', '10:00', '00000000-0000-0000-0000-000000000001'),
       ('a1b2c3d4-1111-4000-8000-000000000044', 'Cabaña Jardín', 'Medellín', 4, 'Cabaña con jardín',
        ARRAY ['https://travelhub-pictures.s3.us-east-1.amazonaws.com/vmIWr0NnpCQ.jpg'], '15:00', '11:00', '00000000-0000-0000-0000-000000000001'),
       ('a1b2c3d4-1111-4000-8000-000000000045', 'Villa Loma de Los Bernal', 'Medellín', 8, 'Villa con piscina',
        ARRAY ['https://travelhub-pictures.s3.us-east-1.amazonaws.com/_pPHgeHz1uk.jpg'], '14:00', '11:00', '00000000-0000-0000-0000-000000000001'),
       ('a1b2c3d4-1111-4000-8000-000000000046', 'Casa Playa 3', 'Cartagena', 4, 'Tercera opción playera',
        ARRAY ['https://travelhub-pictures.s3.us-east-1.amazonaws.com/DGa0LQ0yDPc-.jpg'], '15:00', '11:00', '00000000-0000-0000-0000-000000000001'),
       ('a1b2c3d4-1111-4000-8000-000000000047', 'Apto Manga 2', 'Cartagena', 6, 'Apto en Manga',
        ARRAY ['https://travelhub-pictures.s3.us-east-1.amazonaws.com/T5pL6ciEn.jpg'], '14:00', '12:00', '00000000-0000-0000-0000-000000000001'),
       ('a1b2c3d4-1111-4000-8000-000000000048', 'Casa Pie de la Popa', 'Cartagena', 4, 'Casa con vista al cerro',
        ARRAY ['https://travelhub-pictures.s3.us-east-1.amazonaws.com/Yrxr3bsPdS0.jpg'], '15:00', '10:00', '00000000-0000-0000-0000-000000000001'),
       ('a1b2c3d4-1111-4000-8000-000000000049', 'Loft Centro 2', 'Cartagena', 2, 'Loft en centro',
        ARRAY ['https://travelhub-pictures.s3.us-east-1.amazonaws.com/_dS27XGgRyQ.jpg'], '15:00', '11:00', '00000000-0000-0000-0000-000000000001'),
       ('a1b2c3d4-1111-4000-8000-000000000050', 'Casa Isla Grande', 'Cartagena', 10, 'Casa en Isla Grande',
        ARRAY ['https://travelhub-pictures.s3.us-east-1.amazonaws.com/TAgGZWz6Qg8.jpg'], '14:00', '11:00', '00000000-0000-0000-0000-000000000001'),
       ('a1b2c3d4-1111-4000-8000-000000000051', 'Apto Kennedy', 'Bogotá', 4, 'Apartamento en Kennedy',
        ARRAY ['https://travelhub-pictures.s3.us-east-1.amazonaws.com/vmIWr0NnpCQ.jpg'], '15:00', '11:00', '00000000-0000-0000-0000-000000000001'),
       ('a1b2c3d4-1111-4000-8000-000000000052', 'Casa Engativá', 'Bogotá', 6, 'Casa en Engativá',
        ARRAY ['https://travelhub-pictures.s3.us-east-1.amazonaws.com/_pPHgeHz1uk.jpg'], '14:00', '12:00', '00000000-0000-0000-0000-000000000001'),
       ('a1b2c3d4-1111-4000-8000-000000000053', 'Estudio Fontibón', 'Bogotá', 2, 'Estudio en Fontibón',
        ARRAY ['https://travelhub-pictures.s3.us-east-1.amazonaws.com/DGa0LQ0yDPc-.jpg'], '15:00', '10:00', '00000000-0000-0000-0000-000000000001'),
       ('a1b2c3d4-1111-4000-8000-000000000054', 'Loft Unicentro', 'Bogotá', 4, 'Loft cerca de Unicentro',
        ARRAY ['https://travelhub-pictures.s3.us-east-1.amazonaws.com/T5pL6ciEn.jpg'], '15:00', '11:00', '00000000-0000-0000-0000-000000000001'),
       ('a1b2c3d4-1111-4000-8000-000000000055', 'Casa Cota', 'Bogotá', 8, 'Casa en Cota',
        ARRAY ['https://travelhub-pictures.s3.us-east-1.amazonaws.com/Yrxr3bsPdS0.jpg'], '14:00', '11:00', '00000000-0000-0000-0000-000000000001'),
       ('a1b2c3d4-1111-4000-8000-000000000056', 'Apartamento Floresta', 'Medellín', 4, 'Apto en Floresta',
        ARRAY ['https://travelhub-pictures.s3.us-east-1.amazonaws.com/_dS27XGgRyQ.jpg'], '15:00', '11:00', '00000000-0000-0000-0000-000000000001'),
       ('a1b2c3d4-1111-4000-8000-000000000057', 'Casa Buenos Aires', 'Medellín', 6, 'Casa en Buenos Aires',
        ARRAY ['https://travelhub-pictures.s3.us-east-1.amazonaws.com/TAgGZWz6Qg8.jpg'], '14:00', '12:00', '00000000-0000-0000-0000-000000000001'),
       ('a1b2c3d4-1111-4000-8000-000000000058', 'Estudio Poblado', 'Medellín', 2, 'Estudio en Poblado',
        ARRAY ['https://travelhub-pictures.s3.us-east-1.amazonaws.com/vmIWr0NnpCQ.jpg'], '15:00', '10:00', '00000000-0000-0000-0000-000000000001'),
       ('a1b2c3d4-1111-4000-8000-000000000059', 'Loft Los Colores', 'Medellín', 4, 'Loft en Los Colores',
        ARRAY ['https://travelhub-pictures.s3.us-east-1.amazonaws.com/_pPHgeHz1uk.jpg'], '15:00', '11:00', '00000000-0000-0000-0000-000000000001'),
       ('a1b2c3d4-1111-4000-8000-000000000060', 'Casa Bello', 'Medellín', 8, 'Casa en Bello',
        ARRAY ['https://travelhub-pictures.s3.us-east-1.amazonaws.com/DGa0LQ0yDPc-.jpg'], '14:00', '11:00', '00000000-0000-0000-0000-000000000001'),
       ('a1b2c3d4-1111-4000-8000-000000000061', 'Casa Playa 4', 'Cartagena', 6, 'Cuarta casa playera',
        ARRAY ['https://travelhub-pictures.s3.us-east-1.amazonaws.com/T5pL6ciEn.jpg'], '15:00', '11:00', '00000000-0000-0000-0000-000000000001'),
       ('a1b2c3d4-1111-4000-8000-000000000062', 'Apto Bocagrande 2', 'Cartagena', 4, 'Apto en Bocagrande',
        ARRAY ['https://travelhub-pictures.s3.us-east-1.amazonaws.com/Yrxr3bsPdS0.jpg'], '14:00', '12:00', '00000000-0000-0000-0000-000000000001'),
       ('a1b2c3d4-1111-4000-8000-000000000063', 'Villa Punta Canoa', 'Cartagena', 8, 'Villa en Punta Canoa',
        ARRAY ['https://travelhub-pictures.s3.us-east-1.amazonaws.com/_dS27XGgRyQ.jpg'], '15:00', '10:00', '00000000-0000-0000-0000-000000000001'),
       ('a1b2c3d4-1111-4000-8000-000000000064', 'Estudio Getsemaní 2', 'Cartagena', 2, 'Estudio en Getsemaní',
        ARRAY ['https://travelhub-pictures.s3.us-east-1.amazonaws.com/TAgGZWz6Qg8.jpg'], '15:00', '11:00', '00000000-0000-0000-0000-000000000001'),
       ('a1b2c3d4-1111-4000-8000-000000000065', 'Casa Manzanillo', 'Cartagena', 10, 'Casa en Manzanillo',
        ARRAY ['https://travelhub-pictures.s3.us-east-1.amazonaws.com/vmIWr0NnpCQ.jpg'], '14:00', '11:00', '00000000-0000-0000-0000-000000000001'),
       ('a1b2c3d4-1111-4000-8000-000000000066', 'Apto Chapinero', 'Bogotá', 4, 'Apto en Chapinero',
        ARRAY ['https://travelhub-pictures.s3.us-east-1.amazonaws.com/_pPHgeHz1uk.jpg'], '15:00', '11:00', '00000000-0000-0000-0000-000000000001'),
       ('a1b2c3d4-1111-4000-8000-000000000067', 'Casa Usme', 'Bogotá', 6, 'Casa en Usme',
        ARRAY ['https://travelhub-pictures.s3.us-east-1.amazonaws.com/DGa0LQ0yDPc-.jpg'], '14:00', '12:00', '00000000-0000-0000-0000-000000000001'),
       ('a1b2c3d4-1111-4000-8000-000000000068', 'Estudio Santa Bárbara', 'Bogotá', 2, 'Estudio en Santa Bárbara',
        ARRAY ['https://travelhub-pictures.s3.us-east-1.amazonaws.com/T5pL6ciEn.jpg'], '15:00', '10:00', '00000000-0000-0000-0000-000000000001'),
       ('a1b2c3d4-1111-4000-8000-000000000069', 'Loft Zona G', 'Bogotá', 4, 'Loft en Zona G',
        ARRAY ['https://travelhub-pictures.s3.us-east-1.amazonaws.com/Yrxr3bsPdS0.jpg'], '15:00', '11:00', '00000000-0000-0000-0000-000000000001'),
       ('a1b2c3d4-1111-4000-8000-000000000070', 'Casa Soacha', 'Bogotá', 8, 'Casa en Soacha',
        ARRAY ['https://travelhub-pictures.s3.us-east-1.amazonaws.com/_dS27XGgRyQ.jpg'], '14:00', '11:00', '00000000-0000-0000-0000-000000000001'),
       ('a1b2c3d4-1111-4000-8000-000000000071', 'Apartamento Robledo', 'Medellín', 4, 'Apto en Robledo',
        ARRAY ['https://travelhub-pictures.s3.us-east-1.amazonaws.com/TAgGZWz6Qg8.jpg'], '15:00', '11:00', '00000000-0000-0000-0000-000000000001'),
       ('a1b2c3d4-1111-4000-8000-000000000072', 'Casa Castilla', 'Medellín', 6, 'Casa en Castilla',
        ARRAY ['https://travelhub-pictures.s3.us-east-1.amazonaws.com/vmIWr0NnpCQ.jpg'], '14:00', '12:00', '00000000-0000-0000-0000-000000000001'),
       ('a1b2c3d4-1111-4000-8000-000000000073', 'Estudio Aranjuez', 'Medellín', 2, 'Estudio en Aranjuez',
        ARRAY ['https://travelhub-pictures.s3.us-east-1.amazonaws.com/_pPHgeHz1uk.jpg'], '15:00', '10:00', '00000000-0000-0000-0000-000000000001'),
       ('a1b2c3d4-1111-4000-8000-000000000074', 'Loft San Joaquín', 'Medellín', 4, 'Loft en San Joaquín',
        ARRAY ['https://travelhub-pictures.s3.us-east-1.amazonaws.com/DGa0LQ0yDPc-.jpg'], '15:00', '11:00', '00000000-0000-0000-0000-000000000001'),
       ('a1b2c3d4-1111-4000-8000-000000000075', 'Casa Copacabana', 'Medellín', 8, 'Casa en Copacabana',
        ARRAY ['https://travelhub-pictures.s3.us-east-1.amazonaws.com/T5pL6ciEn.jpg'], '14:00', '11:00', '00000000-0000-0000-0000-000000000001'),
       ('a1b2c3d4-1111-4000-8000-000000000076', 'Casa Playa 5', 'Cartagena', 4, 'Quinta casa playera',
        ARRAY ['https://travelhub-pictures.s3.us-east-1.amazonaws.com/Yrxr3bsPdS0.jpg'], '15:00', '11:00', '00000000-0000-0000-0000-000000000001'),
       ('a1b2c3d4-1111-4000-8000-000000000077', 'Apto Marbella 2', 'Cartagena', 6, 'Segundo apto Marbella',
        ARRAY ['https://travelhub-pictures.s3.us-east-1.amazonaws.com/_dS27XGgRyQ.jpg'], '14:00', '12:00', '00000000-0000-0000-0000-000000000001'),
       ('a1b2c3d4-1111-4000-8000-000000000078', 'Casa Crespo', 'Cartagena', 4, 'Casa en Crespo',
        ARRAY ['https://travelhub-pictures.s3.us-east-1.amazonaws.com/TAgGZWz6Qg8.jpg'], '15:00', '10:00', '00000000-0000-0000-0000-000000000001'),
       ('a1b2c3d4-1111-4000-8000-000000000079', 'Loft Cabrero', 'Cartagena', 2, 'Loft en Cabrero',
        ARRAY ['https://travelhub-pictures.s3.us-east-1.amazonaws.com/vmIWr0NnpCQ.jpg'], '15:00', '11:00', '00000000-0000-0000-0000-000000000001'),
       ('a1b2c3d4-1111-4000-8000-000000000080', 'Villa La Boquilla', 'Cartagena', 10, 'Villa en La Boquilla',
        ARRAY ['https://travelhub-pictures.s3.us-east-1.amazonaws.com/_pPHgeHz1uk.jpg'], '14:00', '11:00', '00000000-0000-0000-0000-000000000001'),
       ('a1b2c3d4-1111-4000-8000-000000000081', 'Apto Modelia', 'Bogotá', 4, 'Apto en Modelia',
        ARRAY ['https://travelhub-pictures.s3.us-east-1.amazonaws.com/DGa0LQ0yDPc-.jpg'], '15:00', '11:00', '00000000-0000-0000-0000-000000000001'),
       ('a1b2c3d4-1111-4000-8000-000000000082', 'Casa Puente Aranda', 'Bogotá', 6, 'Casa en Puente Aranda',
        ARRAY ['https://travelhub-pictures.s3.us-east-1.amazonaws.com/T5pL6ciEn.jpg'], '14:00', '12:00', '00000000-0000-0000-0000-000000000001'),
       ('a1b2c3d4-1111-4000-8000-000000000083', 'Estudio Antonio Nariño', 'Bogotá', 2, 'Estudio en Antonio Nariño',
        ARRAY ['https://travelhub-pictures.s3.us-east-1.amazonaws.com/Yrxr3bsPdS0.jpg'], '15:00', '10:00', '00000000-0000-0000-0000-000000000001'),
       ('a1b2c3d4-1111-4000-8000-000000000084', 'Loft Salitre', 'Bogotá', 4, 'Loft en Salitre',
        ARRAY ['https://travelhub-pictures.s3.us-east-1.amazonaws.com/_dS27XGgRyQ.jpg'], '15:00', '11:00', '00000000-0000-0000-0000-000000000001'),
       ('a1b2c3d4-1111-4000-8000-000000000085', 'Casa Tabio', 'Bogotá', 8, 'Casa en Tabio',
        ARRAY ['https://travelhub-pictures.s3.us-east-1.amazonaws.com/TAgGZWz6Qg8.jpg'], '14:00', '11:00', '00000000-0000-0000-0000-000000000001'),
       ('a1b2c3d4-1111-4000-8000-000000000086', 'Apartamento Itagüí', 'Medellín', 4, 'Apto en Itagüí',
        ARRAY ['https://travelhub-pictures.s3.us-east-1.amazonaws.com/vmIWr0NnpCQ.jpg'], '15:00', '11:00', '00000000-0000-0000-0000-000000000001'),
       ('a1b2c3d4-1111-4000-8000-000000000087', 'Casa Caldas', 'Medellín', 6, 'Casa en Caldas',
        ARRAY ['https://travelhub-pictures.s3.us-east-1.amazonaws.com/_pPHgeHz1uk.jpg'], '14:00', '12:00', '00000000-0000-0000-0000-000000000001'),
       ('a1b2c3d4-1111-4000-8000-000000000088', 'Estudio La Estrella', 'Medellín', 2, 'Estudio en La Estrella',
        ARRAY ['https://travelhub-pictures.s3.us-east-1.amazonaws.com/DGa0LQ0yDPc-.jpg'], '15:00', '10:00', '00000000-0000-0000-0000-000000000001'),
       ('a1b2c3d4-1111-4000-8000-000000000089', 'Loft Girardota', 'Medellín', 4, 'Loft en Girardota',
        ARRAY ['https://travelhub-pictures.s3.us-east-1.amazonaws.com/T5pL6ciEn.jpg'], '15:00', '11:00', '00000000-0000-0000-0000-000000000001'),
       ('a1b2c3d4-1111-4000-8000-000000000090', 'Casa Rionegro', 'Medellín', 8, 'Casa en Rionegro',
        ARRAY ['https://travelhub-pictures.s3.us-east-1.amazonaws.com/Yrxr3bsPdS0.jpg'], '14:00', '11:00', '00000000-0000-0000-0000-000000000001'),
       ('a1b2c3d4-1111-4000-8000-000000000091', 'Casa Playa 6', 'Cartagena', 6, 'Sexta casa playera',
        ARRAY ['https://travelhub-pictures.s3.us-east-1.amazonaws.com/_dS27XGgRyQ.jpg'], '15:00', '11:00', '00000000-0000-0000-0000-000000000001'),
       ('a1b2c3d4-1111-4000-8000-000000000092', 'Apto Laguito 2', 'Cartagena', 4, 'Segundo apto Laguito',
        ARRAY ['https://travelhub-pictures.s3.us-east-1.amazonaws.com/TAgGZWz6Qg8.jpg'], '14:00', '12:00', '00000000-0000-0000-0000-000000000001'),
       ('a1b2c3d4-1111-4000-8000-000000000093', 'Casa Turbaco', 'Cartagena', 4, 'Casa en Turbaco',
        ARRAY ['https://travelhub-pictures.s3.us-east-1.amazonaws.com/vmIWr0NnpCQ.jpg'], '15:00', '10:00', '00000000-0000-0000-0000-000000000001'),
       ('a1b2c3d4-1111-4000-8000-000000000094', 'Loft Arjona', 'Cartagena', 2, 'Loft en Arjona',
        ARRAY ['https://travelhub-pictures.s3.us-east-1.amazonaws.com/_pPHgeHz1uk.jpg'], '15:00', '11:00', '00000000-0000-0000-0000-000000000001'),
       ('a1b2c3d4-1111-4000-8000-000000000095', 'Villa Coveñas', 'Cartagena', 10, 'Villa en Coveñas',
        ARRAY ['https://travelhub-pictures.s3.us-east-1.amazonaws.com/DGa0LQ0yDPc-.jpg'], '14:00', '11:00', '00000000-0000-0000-0000-000000000001'),
       ('a1b2c3d4-1111-4000-8000-000000000096', 'Apto Normandía', 'Bogotá', 4, 'Apto en Normandía',
        ARRAY ['https://travelhub-pictures.s3.us-east-1.amazonaws.com/T5pL6ciEn.jpg'], '15:00', '11:00', '00000000-0000-0000-0000-000000000001'),
       ('a1b2c3d4-1111-4000-8000-000000000097', 'Casa Tunjuelito', 'Bogotá', 6, 'Casa en Tunjuelito',
        ARRAY ['https://travelhub-pictures.s3.us-east-1.amazonaws.com/Yrxr3bsPdS0.jpg'], '14:00', '12:00', '00000000-0000-0000-0000-000000000001'),
       ('a1b2c3d4-1111-4000-8000-000000000098', 'Estudio Bosa', 'Bogotá', 2, 'Estudio en Bosa',
        ARRAY ['https://travelhub-pictures.s3.us-east-1.amazonaws.com/_dS27XGgRyQ.jpg'], '15:00', '10:00', '00000000-0000-0000-0000-000000000001'),
       ('a1b2c3d4-1111-4000-8000-000000000099', 'Loft Ciudad Jardín', 'Bogotá', 4, 'Loft en Ciudad Jardín',
        ARRAY ['https://travelhub-pictures.s3.us-east-1.amazonaws.com/TAgGZWz6Qg8.jpg'], '15:00', '11:00', '00000000-0000-0000-0000-000000000001'),
       ('a1b2c3d4-1111-4000-8000-000000000100', 'Casa Zipaquirá', 'Bogotá', 8, 'Casa en Zipaquirá',
        ARRAY ['https://travelhub-pictures.s3.us-east-1.amazonaws.com/vmIWr0NnpCQ.jpg'], '14:00', '11:00', '00000000-0000-0000-0000-000000000001'),
       ('a1b2c3d4-1111-4000-8000-000000000101', 'Apartamento Villa Hermosa', 'Medellín', 4, 'Apto en Villa Hermosa',
        ARRAY ['https://travelhub-pictures.s3.us-east-1.amazonaws.com/_pPHgeHz1uk.jpg'], '15:00', '11:00', '00000000-0000-0000-0000-000000000001'),
       ('a1b2c3d4-1111-4000-8000-000000000102', 'Casa San Antonio', 'Medellín', 6, 'Casa en San Antonio',
        ARRAY ['https://travelhub-pictures.s3.us-east-1.amazonaws.com/DGa0LQ0yDPc-.jpg'], '14:00', '12:00', '00000000-0000-0000-0000-000000000001'),
       ('a1b2c3d4-1111-4000-8000-000000000103', 'Estudio La América', 'Medellín', 2, 'Estudio en La América',
        ARRAY ['https://travelhub-pictures.s3.us-east-1.amazonaws.com/T5pL6ciEn.jpg'], '15:00', '10:00', '00000000-0000-0000-0000-000000000001'),
       ('a1b2c3d4-1111-4000-8000-000000000104', 'Loft Guayabal 2', 'Medellín', 4, 'Segundo loft Guayabal',
        ARRAY ['https://travelhub-pictures.s3.us-east-1.amazonaws.com/Yrxr3bsPdS0.jpg'], '15:00', '11:00', '00000000-0000-0000-0000-000000000001'),
       ('a1b2c3d4-1111-4000-8000-000000000105', 'Casa Barbosa', 'Medellín', 8, 'Casa en Barbosa',
        ARRAY ['https://travelhub-pictures.s3.us-east-1.amazonaws.com/_dS27XGgRyQ.jpg'], '14:00', '11:00', '00000000-0000-0000-0000-000000000001'),
       ('a1b2c3d4-1111-4000-8000-000000000106', 'Casa Playa 7', 'Cartagena', 4, 'Séptima casa playera',
        ARRAY ['https://travelhub-pictures.s3.us-east-1.amazonaws.com/TAgGZWz6Qg8.jpg'], '15:00', '11:00', '00000000-0000-0000-0000-000000000001'),
       ('a1b2c3d4-1111-4000-8000-000000000107', 'Apto Centro 3', 'Cartagena', 6, 'Tercer apto centro',
        ARRAY ['https://travelhub-pictures.s3.us-east-1.amazonaws.com/vmIWr0NnpCQ.jpg'], '14:00', '12:00', '00000000-0000-0000-0000-000000000001'),
       ('a1b2c3d4-1111-4000-8000-000000000108', 'Casa Pasacaballos', 'Cartagena', 4, 'Casa en Pasacaballos',
        ARRAY ['https://travelhub-pictures.s3.us-east-1.amazonaws.com/_pPHgeHz1uk.jpg'], '15:00', '10:00', '00000000-0000-0000-0000-000000000001'),
       ('a1b2c3d4-1111-4000-8000-000000000109', 'Loft Pie del Cerro', 'Cartagena', 2, 'Loft al pie del cerro',
        ARRAY ['https://travelhub-pictures.s3.us-east-1.amazonaws.com/DGa0LQ0yDPc-.jpg'], '15:00', '11:00', '00000000-0000-0000-0000-000000000001'),
       ('a1b2c3d4-1111-4000-8000-000000000110', 'Villa Palenque', 'Cartagena', 10, 'Villa en Palenque',
        ARRAY ['https://travelhub-pictures.s3.us-east-1.amazonaws.com/T5pL6ciEn.jpg'], '14:00', '11:00', '00000000-0000-0000-0000-000000000001'),
       ('a1b2c3d4-1111-4000-8000-000000000111', 'Apto Santa Fe', 'Bogotá', 4, 'Apto en Santa Fe',
        ARRAY ['https://travelhub-pictures.s3.us-east-1.amazonaws.com/Yrxr3bsPdS0.jpg'], '15:00', '11:00', '00000000-0000-0000-0000-000000000001'),
       ('a1b2c3d4-1111-4000-8000-000000000112', 'Casa Sumapaz', 'Bogotá', 6, 'Casa en Sumapaz',
        ARRAY ['https://travelhub-pictures.s3.us-east-1.amazonaws.com/_dS27XGgRyQ.jpg'], '14:00', '12:00', '00000000-0000-0000-0000-000000000001'),
       ('a1b2c3d4-1111-4000-8000-000000000113', 'Estudio Chapinero Central', 'Bogotá', 2, 'Estudio en Chapinero',
        ARRAY ['https://travelhub-pictures.s3.us-east-1.amazonaws.com/TAgGZWz6Qg8.jpg'], '15:00', '10:00', '00000000-0000-0000-0000-000000000001'),
       ('a1b2c3d4-1111-4000-8000-000000000114', 'Loft La Soledad', 'Bogotá', 4, 'Loft en La Soledad',
        ARRAY ['https://travelhub-pictures.s3.us-east-1.amazonaws.com/vmIWr0NnpCQ.jpg'], '15:00', '11:00', '00000000-0000-0000-0000-000000000001'),
       ('a1b2c3d4-1111-4000-8000-000000000115', 'Casa Cajicá', 'Bogotá', 8, 'Casa en Cajicá',
        ARRAY ['https://travelhub-pictures.s3.us-east-1.amazonaws.com/_pPHgeHz1uk.jpg'], '14:00', '11:00', '00000000-0000-0000-0000-000000000001'),
       ('a1b2c3d4-1111-4000-8000-000000000116', 'Apartamento Castilla 2', 'Medellín', 4, 'Segundo apto Castilla',
        ARRAY ['https://travelhub-pictures.s3.us-east-1.amazonaws.com/DGa0LQ0yDPc-.jpg'], '15:00', '11:00', '00000000-0000-0000-0000-000000000001'),
       ('a1b2c3d4-1111-4000-8000-000000000117', 'Casa Doce de Octubre', 'Medellín', 6, 'Casa en Doce de Octubre',
        ARRAY ['https://travelhub-pictures.s3.us-east-1.amazonaws.com/T5pL6ciEn.jpg'], '14:00', '12:00', '00000000-0000-0000-0000-000000000001'),
       ('a1b2c3d4-1111-4000-8000-000000000118', 'Estudio Prado', 'Medellín', 2, 'Estudio en Prado',
        ARRAY ['https://travelhub-pictures.s3.us-east-1.amazonaws.com/Yrxr3bsPdS0.jpg'], '15:00', '10:00', '00000000-0000-0000-0000-000000000001'),
       ('a1b2c3d4-1111-4000-8000-000000000119', 'Loft Laureles 2', 'Medellín', 4, 'Segundo loft Laureles',
        ARRAY ['https://travelhub-pictures.s3.us-east-1.amazonaws.com/_dS27XGgRyQ.jpg'], '15:00', '11:00', '00000000-0000-0000-0000-000000000001'),
       ('a1b2c3d4-1111-4000-8000-000000000120', 'Casa Marinilla', 'Medellín', 8, 'Casa en Marinilla',
        ARRAY ['https://travelhub-pictures.s3.us-east-1.amazonaws.com/TAgGZWz6Qg8.jpg'], '14:00', '11:00', '00000000-0000-0000-0000-000000000001'),
       ('a1b2c3d4-1111-4000-8000-000000000121', 'Casa Playa 8', 'Cartagena', 6, 'Octava casa playera',
        ARRAY ['https://travelhub-pictures.s3.us-east-1.amazonaws.com/vmIWr0NnpCQ.jpg'], '15:00', '11:00', '00000000-0000-0000-0000-000000000001'),
       ('a1b2c3d4-1111-4000-8000-000000000122', 'Apto Bocagrande 3', 'Cartagena', 4, 'Tercer apto Bocagrande',
        ARRAY ['https://travelhub-pictures.s3.us-east-1.amazonaws.com/_pPHgeHz1uk.jpg'], '14:00', '12:00', '00000000-0000-0000-0000-000000000001'),
       ('a1b2c3d4-1111-4000-8000-000000000123', 'Casa Calamarí', 'Cartagena', 4, 'Casa en Calamarí',
        ARRAY ['https://travelhub-pictures.s3.us-east-1.amazonaws.com/DGa0LQ0yDPc-.jpg'], '15:00', '10:00', '00000000-0000-0000-0000-000000000001'),
       ('a1b2c3d4-1111-4000-8000-000000000124', 'Loft San Fernando', 'Cartagena', 2, 'Loft en San Fernando',
        ARRAY ['https://travelhub-pictures.s3.us-east-1.amazonaws.com/T5pL6ciEn.jpg'], '15:00', '11:00', '00000000-0000-0000-0000-000000000001'),
       ('a1b2c3d4-1111-4000-8000-000000000125', 'Villa Galerazamba', 'Cartagena', 10, 'Villa en Galerazamba',
        ARRAY ['https://travelhub-pictures.s3.us-east-1.amazonaws.com/Yrxr3bsPdS0.jpg'], '14:00', '11:00', '00000000-0000-0000-0000-000000000001'),
       ('a1b2c3d4-1111-4000-8000-000000000126', 'Apto Restrepo', 'Bogotá', 4, 'Apto en Restrepo',
        ARRAY ['https://travelhub-pictures.s3.us-east-1.amazonaws.com/_dS27XGgRyQ.jpg'], '15:00', '11:00', '00000000-0000-0000-0000-000000000001'),
       ('a1b2c3d4-1111-4000-8000-000000000127', 'Casa Rafael Uribe', 'Bogotá', 6, 'Casa en Rafael Uribe',
        ARRAY ['https://travelhub-pictures.s3.us-east-1.amazonaws.com/TAgGZWz6Qg8.jpg'], '14:00', '12:00', '00000000-0000-0000-0000-000000000001'),
       ('a1b2c3d4-1111-4000-8000-000000000128', 'Estudio San Cristóbal', 'Bogotá', 2, 'Estudio en San Cristóbal',
        ARRAY ['https://travelhub-pictures.s3.us-east-1.amazonaws.com/vmIWr0NnpCQ.jpg'], '15:00', '10:00', '00000000-0000-0000-0000-000000000001'),
       ('a1b2c3d4-1111-4000-8000-000000000129', 'Loft Las Cruces', 'Bogotá', 4, 'Loft en Las Cruces',
        ARRAY ['https://travelhub-pictures.s3.us-east-1.amazonaws.com/_pPHgeHz1uk.jpg'], '15:00', '11:00', '00000000-0000-0000-0000-000000000001'),
       ('a1b2c3d4-1111-4000-8000-000000000130', 'Casa Sopó', 'Bogotá', 8, 'Casa en Sopó',
        ARRAY ['https://travelhub-pictures.s3.us-east-1.amazonaws.com/DGa0LQ0yDPc-.jpg'], '14:00', '11:00', '00000000-0000-0000-0000-000000000001'),
       ('a1b2c3d4-1111-4000-8000-000000000131', 'Apartamento Belén 2', 'Medellín', 4, 'Segundo apto Belén',
        ARRAY ['https://travelhub-pictures.s3.us-east-1.amazonaws.com/T5pL6ciEn.jpg'], '15:00', '11:00', '00000000-0000-0000-0000-000000000001'),
       ('a1b2c3d4-1111-4000-8000-000000000132', 'Casa San Javier', 'Medellín', 6, 'Casa en San Javier',
        ARRAY ['https://travelhub-pictures.s3.us-east-1.amazonaws.com/Yrxr3bsPdS0.jpg'], '14:00', '12:00', '00000000-0000-0000-0000-000000000001'),
       ('a1b2c3d4-1111-4000-8000-000000000133', 'Estudio Villa del Prado', 'Medellín', 2, 'Estudio en Villa del Prado',
        ARRAY ['https://travelhub-pictures.s3.us-east-1.amazonaws.com/_dS27XGgRyQ.jpg'], '15:00', '10:00', '00000000-0000-0000-0000-000000000001'),
       ('a1b2c3d4-1111-4000-8000-000000000134', 'Loft El Poblado 2', 'Medellín', 4, 'Segundo loft Poblado',
        ARRAY ['https://travelhub-pictures.s3.us-east-1.amazonaws.com/TAgGZWz6Qg8.jpg'], '15:00', '11:00', '00000000-0000-0000-0000-000000000001'),
       ('a1b2c3d4-1111-4000-8000-000000000135', 'Casa Guarne', 'Medellín', 8, 'Casa en Guarne',
        ARRAY ['https://travelhub-pictures.s3.us-east-1.amazonaws.com/vmIWr0NnpCQ.jpg'], '14:00', '11:00', '00000000-0000-0000-0000-000000000001'),
       ('a1b2c3d4-1111-4000-8000-000000000136', 'Casa Playa 9', 'Cartagena', 4, 'Novena casa playera',
        ARRAY ['https://travelhub-pictures.s3.us-east-1.amazonaws.com/_pPHgeHz1uk.jpg'], '15:00', '11:00', '00000000-0000-0000-0000-000000000001'),
       ('a1b2c3d4-1111-4000-8000-000000000137', 'Apto Manga 3', 'Cartagena', 6, 'Tercer apto Manga',
        ARRAY ['https://travelhub-pictures.s3.us-east-1.amazonaws.com/DGa0LQ0yDPc-.jpg'], '14:00', '12:00', '00000000-0000-0000-0000-000000000001'),
       ('a1b2c3d4-1111-4000-8000-000000000138', 'Casa Clemencia', 'Cartagena', 4, 'Casa en Clemencia',
        ARRAY ['https://travelhub-pictures.s3.us-east-1.amazonaws.com/T5pL6ciEn.jpg'], '15:00', '10:00', '00000000-0000-0000-0000-000000000001'),
       ('a1b2c3d4-1111-4000-8000-000000000139', 'Loft Santa Catalina', 'Cartagena', 2, 'Loft en Santa Catalina',
        ARRAY ['https://travelhub-pictures.s3.us-east-1.amazonaws.com/Yrxr3bsPdS0.jpg'], '15:00', '11:00', '00000000-0000-0000-0000-000000000001'),
       ('a1b2c3d4-1111-4000-8000-000000000140', 'Villa San Onofre', 'Cartagena', 10, 'Villa en San Onofre',
        ARRAY ['https://travelhub-pictures.s3.us-east-1.amazonaws.com/_dS27XGgRyQ.jpg'], '14:00', '11:00', '00000000-0000-0000-0000-000000000001'),
       ('a1b2c3d4-1111-4000-8000-000000000141', 'Apto Chapinero Norte', 'Bogotá', 4, 'Apto en Chapinero Norte',
        ARRAY ['https://travelhub-pictures.s3.us-east-1.amazonaws.com/TAgGZWz6Qg8.jpg'], '15:00', '11:00', '00000000-0000-0000-0000-000000000001'),
       ('a1b2c3d4-1111-4000-8000-000000000142', 'Casa Ciudad Bolívar', 'Bogotá', 6, 'Casa en Ciudad Bolívar',
        ARRAY ['https://travelhub-pictures.s3.us-east-1.amazonaws.com/vmIWr0NnpCQ.jpg'], '14:00', '12:00', '00000000-0000-0000-0000-000000000001'),
       ('a1b2c3d4-1111-4000-8000-000000000143', 'Estudio Mártires', 'Bogotá', 2, 'Estudio en Mártires',
        ARRAY ['https://travelhub-pictures.s3.us-east-1.amazonaws.com/_pPHgeHz1uk.jpg'], '15:00', '10:00', '00000000-0000-0000-0000-000000000001'),
       ('a1b2c3d4-1111-4000-8000-000000000144', 'Loft Barrios Unidos', 'Bogotá', 4, 'Loft en Barrios Unidos',
        ARRAY ['https://travelhub-pictures.s3.us-east-1.amazonaws.com/DGa0LQ0yDPc-.jpg'], '15:00', '11:00', '00000000-0000-0000-0000-000000000001'),
       ('a1b2c3d4-1111-4000-8000-000000000145', 'Casa Tenjo', 'Bogotá', 8, 'Casa en Tenjo',
        ARRAY ['https://travelhub-pictures.s3.us-east-1.amazonaws.com/T5pL6ciEn.jpg'], '14:00', '11:00', '00000000-0000-0000-0000-000000000001'),
       ('a1b2c3d4-1111-4000-8000-000000000146', 'Apartamento Envigado 2', 'Medellín', 4, 'Segundo apto Envigado',
        ARRAY ['https://travelhub-pictures.s3.us-east-1.amazonaws.com/Yrxr3bsPdS0.jpg'], '15:00', '11:00', '00000000-0000-0000-0000-000000000001'),
       ('a1b2c3d4-1111-4000-8000-000000000147', 'Casa Sabaneta 2', 'Medellín', 6, 'Segunda casa Sabaneta',
        ARRAY ['https://travelhub-pictures.s3.us-east-1.amazonaws.com/_dS27XGgRyQ.jpg'], '14:00', '12:00', '00000000-0000-0000-0000-000000000001'),
       ('a1b2c3d4-1111-4000-8000-000000000148', 'Estudio Medellín Centro', 'Medellín', 2, 'Estudio en centro',
        ARRAY ['https://travelhub-pictures.s3.us-east-1.amazonaws.com/TAgGZWz6Qg8.jpg'], '15:00', '10:00', '00000000-0000-0000-0000-000000000001'),
       ('a1b2c3d4-1111-4000-8000-000000000149', 'Loft Estadio 2', 'Medellín', 4, 'Segundo loft Estadio',
        ARRAY ['https://travelhub-pictures.s3.us-east-1.amazonaws.com/vmIWr0NnpCQ.jpg'], '15:00', '11:00', '00000000-0000-0000-0000-000000000001'),
       ('a1b2c3d4-1111-4000-8000-000000000150', 'Casa Don Matías', 'Medellín', 8, 'Casa en Don Matías',
        ARRAY ['https://travelhub-pictures.s3.us-east-1.amazonaws.com/_pPHgeHz1uk.jpg'], '14:00', '11:00', '00000000-0000-0000-0000-000000000001');

-- Insert amenity catalog
INSERT INTO amenity (id, description)
VALUES ('AM-001', 'WiFi de alta velocidad (Fibra óptica)'),
       ('AM-002', 'Piscina privada climatizada'),
       ('AM-003', 'Estacionamiento gratuito en las instalaciones'),
       ('AM-004', 'Gimnasio privado'),
       ('AM-005', 'Aire acondicionado central'),
       ('AM-006', 'Cocina totalmente equipada'),
       ('AM-007', 'Lavadora y secadora de ropa'),
       ('AM-008', 'Televisión inteligente con Netflix/HBO'),
       ('AM-009', 'Parrilla para BBQ / Asados'),
       ('AM-010', 'Zona de trabajo (Workspace) amigable');

-- Insert property_detail_amenities: 3 amenities per property (450 total rows)
-- Amenity bundle assigned via (row_index - 1) % 10
INSERT INTO property_detail_amenities (property_detail_id, amenity_id)
VALUES ('a1b2c3d4-1111-4000-8000-000000000001', 'AM-001'),
       ('a1b2c3d4-1111-4000-8000-000000000001', 'AM-006'),
       ('a1b2c3d4-1111-4000-8000-000000000001', 'AM-009'),
       ('a1b2c3d4-1111-4000-8000-000000000002', 'AM-001'),
       ('a1b2c3d4-1111-4000-8000-000000000002', 'AM-010'),
       ('a1b2c3d4-1111-4000-8000-000000000002', 'AM-004'),
       ('a1b2c3d4-1111-4000-8000-000000000003', 'AM-001'),
       ('a1b2c3d4-1111-4000-8000-000000000003', 'AM-006'),
       ('a1b2c3d4-1111-4000-8000-000000000003', 'AM-003'),
       ('a1b2c3d4-1111-4000-8000-000000000004', 'AM-001'),
       ('a1b2c3d4-1111-4000-8000-000000000004', 'AM-005'),
       ('a1b2c3d4-1111-4000-8000-000000000004', 'AM-007'),
       ('a1b2c3d4-1111-4000-8000-000000000005', 'AM-003'),
       ('a1b2c3d4-1111-4000-8000-000000000005', 'AM-006'),
       ('a1b2c3d4-1111-4000-8000-000000000005', 'AM-002'),
       ('a1b2c3d4-1111-4000-8000-000000000006', 'AM-002'),
       ('a1b2c3d4-1111-4000-8000-000000000006', 'AM-008'),
       ('a1b2c3d4-1111-4000-8000-000000000006', 'AM-010'),
       ('a1b2c3d4-1111-4000-8000-000000000007', 'AM-006'),
       ('a1b2c3d4-1111-4000-8000-000000000007', 'AM-001'),
       ('a1b2c3d4-1111-4000-8000-000000000007', 'AM-009'),
       ('a1b2c3d4-1111-4000-8000-000000000008', 'AM-009'),
       ('a1b2c3d4-1111-4000-8000-000000000008', 'AM-001'),
       ('a1b2c3d4-1111-4000-8000-000000000008', 'AM-008'),
       ('a1b2c3d4-1111-4000-8000-000000000009', 'AM-002'),
       ('a1b2c3d4-1111-4000-8000-000000000009', 'AM-003'),
       ('a1b2c3d4-1111-4000-8000-000000000009', 'AM-006'),
       ('a1b2c3d4-1111-4000-8000-000000000010', 'AM-001'),
       ('a1b2c3d4-1111-4000-8000-000000000010', 'AM-005'),
       ('a1b2c3d4-1111-4000-8000-000000000010', 'AM-003'),
       ('a1b2c3d4-1111-4000-8000-000000000011', 'AM-001'),
       ('a1b2c3d4-1111-4000-8000-000000000011', 'AM-006'),
       ('a1b2c3d4-1111-4000-8000-000000000011', 'AM-009'),
       ('a1b2c3d4-1111-4000-8000-000000000012', 'AM-001'),
       ('a1b2c3d4-1111-4000-8000-000000000012', 'AM-010'),
       ('a1b2c3d4-1111-4000-8000-000000000012', 'AM-004'),
       ('a1b2c3d4-1111-4000-8000-000000000013', 'AM-001'),
       ('a1b2c3d4-1111-4000-8000-000000000013', 'AM-006'),
       ('a1b2c3d4-1111-4000-8000-000000000013', 'AM-003'),
       ('a1b2c3d4-1111-4000-8000-000000000014', 'AM-001'),
       ('a1b2c3d4-1111-4000-8000-000000000014', 'AM-005'),
       ('a1b2c3d4-1111-4000-8000-000000000014', 'AM-007'),
       ('a1b2c3d4-1111-4000-8000-000000000015', 'AM-003'),
       ('a1b2c3d4-1111-4000-8000-000000000015', 'AM-006'),
       ('a1b2c3d4-1111-4000-8000-000000000015', 'AM-002'),
       ('a1b2c3d4-1111-4000-8000-000000000016', 'AM-002'),
       ('a1b2c3d4-1111-4000-8000-000000000016', 'AM-008'),
       ('a1b2c3d4-1111-4000-8000-000000000016', 'AM-010'),
       ('a1b2c3d4-1111-4000-8000-000000000017', 'AM-006'),
       ('a1b2c3d4-1111-4000-8000-000000000017', 'AM-001'),
       ('a1b2c3d4-1111-4000-8000-000000000017', 'AM-009'),
       ('a1b2c3d4-1111-4000-8000-000000000018', 'AM-009'),
       ('a1b2c3d4-1111-4000-8000-000000000018', 'AM-001'),
       ('a1b2c3d4-1111-4000-8000-000000000018', 'AM-008'),
       ('a1b2c3d4-1111-4000-8000-000000000019', 'AM-002'),
       ('a1b2c3d4-1111-4000-8000-000000000019', 'AM-003'),
       ('a1b2c3d4-1111-4000-8000-000000000019', 'AM-006'),
       ('a1b2c3d4-1111-4000-8000-000000000020', 'AM-001'),
       ('a1b2c3d4-1111-4000-8000-000000000020', 'AM-005'),
       ('a1b2c3d4-1111-4000-8000-000000000020', 'AM-003'),
       ('a1b2c3d4-1111-4000-8000-000000000021', 'AM-001'),
       ('a1b2c3d4-1111-4000-8000-000000000021', 'AM-006'),
       ('a1b2c3d4-1111-4000-8000-000000000021', 'AM-009'),
       ('a1b2c3d4-1111-4000-8000-000000000022', 'AM-001'),
       ('a1b2c3d4-1111-4000-8000-000000000022', 'AM-010'),
       ('a1b2c3d4-1111-4000-8000-000000000022', 'AM-004'),
       ('a1b2c3d4-1111-4000-8000-000000000023', 'AM-001'),
       ('a1b2c3d4-1111-4000-8000-000000000023', 'AM-006'),
       ('a1b2c3d4-1111-4000-8000-000000000023', 'AM-003'),
       ('a1b2c3d4-1111-4000-8000-000000000024', 'AM-001'),
       ('a1b2c3d4-1111-4000-8000-000000000024', 'AM-005'),
       ('a1b2c3d4-1111-4000-8000-000000000024', 'AM-007'),
       ('a1b2c3d4-1111-4000-8000-000000000025', 'AM-003'),
       ('a1b2c3d4-1111-4000-8000-000000000025', 'AM-006'),
       ('a1b2c3d4-1111-4000-8000-000000000025', 'AM-002'),
       ('a1b2c3d4-1111-4000-8000-000000000026', 'AM-002'),
       ('a1b2c3d4-1111-4000-8000-000000000026', 'AM-008'),
       ('a1b2c3d4-1111-4000-8000-000000000026', 'AM-010'),
       ('a1b2c3d4-1111-4000-8000-000000000027', 'AM-006'),
       ('a1b2c3d4-1111-4000-8000-000000000027', 'AM-001'),
       ('a1b2c3d4-1111-4000-8000-000000000027', 'AM-009'),
       ('a1b2c3d4-1111-4000-8000-000000000028', 'AM-009'),
       ('a1b2c3d4-1111-4000-8000-000000000028', 'AM-001'),
       ('a1b2c3d4-1111-4000-8000-000000000028', 'AM-008'),
       ('a1b2c3d4-1111-4000-8000-000000000029', 'AM-002'),
       ('a1b2c3d4-1111-4000-8000-000000000029', 'AM-003'),
       ('a1b2c3d4-1111-4000-8000-000000000029', 'AM-006'),
       ('a1b2c3d4-1111-4000-8000-000000000030', 'AM-001'),
       ('a1b2c3d4-1111-4000-8000-000000000030', 'AM-005'),
       ('a1b2c3d4-1111-4000-8000-000000000030', 'AM-003'),
       ('a1b2c3d4-1111-4000-8000-000000000031', 'AM-001'),
       ('a1b2c3d4-1111-4000-8000-000000000031', 'AM-006'),
       ('a1b2c3d4-1111-4000-8000-000000000031', 'AM-009'),
       ('a1b2c3d4-1111-4000-8000-000000000032', 'AM-001'),
       ('a1b2c3d4-1111-4000-8000-000000000032', 'AM-010'),
       ('a1b2c3d4-1111-4000-8000-000000000032', 'AM-004'),
       ('a1b2c3d4-1111-4000-8000-000000000033', 'AM-001'),
       ('a1b2c3d4-1111-4000-8000-000000000033', 'AM-006'),
       ('a1b2c3d4-1111-4000-8000-000000000033', 'AM-003'),
       ('a1b2c3d4-1111-4000-8000-000000000034', 'AM-001'),
       ('a1b2c3d4-1111-4000-8000-000000000034', 'AM-005'),
       ('a1b2c3d4-1111-4000-8000-000000000034', 'AM-007'),
       ('a1b2c3d4-1111-4000-8000-000000000035', 'AM-003'),
       ('a1b2c3d4-1111-4000-8000-000000000035', 'AM-006'),
       ('a1b2c3d4-1111-4000-8000-000000000035', 'AM-002'),
       ('a1b2c3d4-1111-4000-8000-000000000036', 'AM-002'),
       ('a1b2c3d4-1111-4000-8000-000000000036', 'AM-008'),
       ('a1b2c3d4-1111-4000-8000-000000000036', 'AM-010'),
       ('a1b2c3d4-1111-4000-8000-000000000037', 'AM-006'),
       ('a1b2c3d4-1111-4000-8000-000000000037', 'AM-001'),
       ('a1b2c3d4-1111-4000-8000-000000000037', 'AM-009'),
       ('a1b2c3d4-1111-4000-8000-000000000038', 'AM-009'),
       ('a1b2c3d4-1111-4000-8000-000000000038', 'AM-001'),
       ('a1b2c3d4-1111-4000-8000-000000000038', 'AM-008'),
       ('a1b2c3d4-1111-4000-8000-000000000039', 'AM-002'),
       ('a1b2c3d4-1111-4000-8000-000000000039', 'AM-003'),
       ('a1b2c3d4-1111-4000-8000-000000000039', 'AM-006'),
       ('a1b2c3d4-1111-4000-8000-000000000040', 'AM-001'),
       ('a1b2c3d4-1111-4000-8000-000000000040', 'AM-005'),
       ('a1b2c3d4-1111-4000-8000-000000000040', 'AM-003'),
       ('a1b2c3d4-1111-4000-8000-000000000041', 'AM-001'),
       ('a1b2c3d4-1111-4000-8000-000000000041', 'AM-006'),
       ('a1b2c3d4-1111-4000-8000-000000000041', 'AM-009'),
       ('a1b2c3d4-1111-4000-8000-000000000042', 'AM-001'),
       ('a1b2c3d4-1111-4000-8000-000000000042', 'AM-010'),
       ('a1b2c3d4-1111-4000-8000-000000000042', 'AM-004'),
       ('a1b2c3d4-1111-4000-8000-000000000043', 'AM-001'),
       ('a1b2c3d4-1111-4000-8000-000000000043', 'AM-006'),
       ('a1b2c3d4-1111-4000-8000-000000000043', 'AM-003'),
       ('a1b2c3d4-1111-4000-8000-000000000044', 'AM-001'),
       ('a1b2c3d4-1111-4000-8000-000000000044', 'AM-005'),
       ('a1b2c3d4-1111-4000-8000-000000000044', 'AM-007'),
       ('a1b2c3d4-1111-4000-8000-000000000045', 'AM-003'),
       ('a1b2c3d4-1111-4000-8000-000000000045', 'AM-006'),
       ('a1b2c3d4-1111-4000-8000-000000000045', 'AM-002'),
       ('a1b2c3d4-1111-4000-8000-000000000046', 'AM-002'),
       ('a1b2c3d4-1111-4000-8000-000000000046', 'AM-008'),
       ('a1b2c3d4-1111-4000-8000-000000000046', 'AM-010'),
       ('a1b2c3d4-1111-4000-8000-000000000047', 'AM-006'),
       ('a1b2c3d4-1111-4000-8000-000000000047', 'AM-001'),
       ('a1b2c3d4-1111-4000-8000-000000000047', 'AM-009'),
       ('a1b2c3d4-1111-4000-8000-000000000048', 'AM-009'),
       ('a1b2c3d4-1111-4000-8000-000000000048', 'AM-001'),
       ('a1b2c3d4-1111-4000-8000-000000000048', 'AM-008'),
       ('a1b2c3d4-1111-4000-8000-000000000049', 'AM-002'),
       ('a1b2c3d4-1111-4000-8000-000000000049', 'AM-003'),
       ('a1b2c3d4-1111-4000-8000-000000000049', 'AM-006'),
       ('a1b2c3d4-1111-4000-8000-000000000050', 'AM-001'),
       ('a1b2c3d4-1111-4000-8000-000000000050', 'AM-005'),
       ('a1b2c3d4-1111-4000-8000-000000000050', 'AM-003'),
       ('a1b2c3d4-1111-4000-8000-000000000051', 'AM-001'),
       ('a1b2c3d4-1111-4000-8000-000000000051', 'AM-006'),
       ('a1b2c3d4-1111-4000-8000-000000000051', 'AM-009'),
       ('a1b2c3d4-1111-4000-8000-000000000052', 'AM-001'),
       ('a1b2c3d4-1111-4000-8000-000000000052', 'AM-010'),
       ('a1b2c3d4-1111-4000-8000-000000000052', 'AM-004'),
       ('a1b2c3d4-1111-4000-8000-000000000053', 'AM-001'),
       ('a1b2c3d4-1111-4000-8000-000000000053', 'AM-006'),
       ('a1b2c3d4-1111-4000-8000-000000000053', 'AM-003'),
       ('a1b2c3d4-1111-4000-8000-000000000054', 'AM-001'),
       ('a1b2c3d4-1111-4000-8000-000000000054', 'AM-005'),
       ('a1b2c3d4-1111-4000-8000-000000000054', 'AM-007'),
       ('a1b2c3d4-1111-4000-8000-000000000055', 'AM-003'),
       ('a1b2c3d4-1111-4000-8000-000000000055', 'AM-006'),
       ('a1b2c3d4-1111-4000-8000-000000000055', 'AM-002'),
       ('a1b2c3d4-1111-4000-8000-000000000056', 'AM-002'),
       ('a1b2c3d4-1111-4000-8000-000000000056', 'AM-008'),
       ('a1b2c3d4-1111-4000-8000-000000000056', 'AM-010'),
       ('a1b2c3d4-1111-4000-8000-000000000057', 'AM-006'),
       ('a1b2c3d4-1111-4000-8000-000000000057', 'AM-001'),
       ('a1b2c3d4-1111-4000-8000-000000000057', 'AM-009'),
       ('a1b2c3d4-1111-4000-8000-000000000058', 'AM-009'),
       ('a1b2c3d4-1111-4000-8000-000000000058', 'AM-001'),
       ('a1b2c3d4-1111-4000-8000-000000000058', 'AM-008'),
       ('a1b2c3d4-1111-4000-8000-000000000059', 'AM-002'),
       ('a1b2c3d4-1111-4000-8000-000000000059', 'AM-003'),
       ('a1b2c3d4-1111-4000-8000-000000000059', 'AM-006'),
       ('a1b2c3d4-1111-4000-8000-000000000060', 'AM-001'),
       ('a1b2c3d4-1111-4000-8000-000000000060', 'AM-005'),
       ('a1b2c3d4-1111-4000-8000-000000000060', 'AM-003'),
       ('a1b2c3d4-1111-4000-8000-000000000061', 'AM-001'),
       ('a1b2c3d4-1111-4000-8000-000000000061', 'AM-006'),
       ('a1b2c3d4-1111-4000-8000-000000000061', 'AM-009'),
       ('a1b2c3d4-1111-4000-8000-000000000062', 'AM-001'),
       ('a1b2c3d4-1111-4000-8000-000000000062', 'AM-010'),
       ('a1b2c3d4-1111-4000-8000-000000000062', 'AM-004'),
       ('a1b2c3d4-1111-4000-8000-000000000063', 'AM-001'),
       ('a1b2c3d4-1111-4000-8000-000000000063', 'AM-006'),
       ('a1b2c3d4-1111-4000-8000-000000000063', 'AM-003'),
       ('a1b2c3d4-1111-4000-8000-000000000064', 'AM-001'),
       ('a1b2c3d4-1111-4000-8000-000000000064', 'AM-005'),
       ('a1b2c3d4-1111-4000-8000-000000000064', 'AM-007'),
       ('a1b2c3d4-1111-4000-8000-000000000065', 'AM-003'),
       ('a1b2c3d4-1111-4000-8000-000000000065', 'AM-006'),
       ('a1b2c3d4-1111-4000-8000-000000000065', 'AM-002'),
       ('a1b2c3d4-1111-4000-8000-000000000066', 'AM-002'),
       ('a1b2c3d4-1111-4000-8000-000000000066', 'AM-008'),
       ('a1b2c3d4-1111-4000-8000-000000000066', 'AM-010'),
       ('a1b2c3d4-1111-4000-8000-000000000067', 'AM-006'),
       ('a1b2c3d4-1111-4000-8000-000000000067', 'AM-001'),
       ('a1b2c3d4-1111-4000-8000-000000000067', 'AM-009'),
       ('a1b2c3d4-1111-4000-8000-000000000068', 'AM-009'),
       ('a1b2c3d4-1111-4000-8000-000000000068', 'AM-001'),
       ('a1b2c3d4-1111-4000-8000-000000000068', 'AM-008'),
       ('a1b2c3d4-1111-4000-8000-000000000069', 'AM-002'),
       ('a1b2c3d4-1111-4000-8000-000000000069', 'AM-003'),
       ('a1b2c3d4-1111-4000-8000-000000000069', 'AM-006'),
       ('a1b2c3d4-1111-4000-8000-000000000070', 'AM-001'),
       ('a1b2c3d4-1111-4000-8000-000000000070', 'AM-005'),
       ('a1b2c3d4-1111-4000-8000-000000000070', 'AM-003'),
       ('a1b2c3d4-1111-4000-8000-000000000071', 'AM-001'),
       ('a1b2c3d4-1111-4000-8000-000000000071', 'AM-006'),
       ('a1b2c3d4-1111-4000-8000-000000000071', 'AM-009'),
       ('a1b2c3d4-1111-4000-8000-000000000072', 'AM-001'),
       ('a1b2c3d4-1111-4000-8000-000000000072', 'AM-010'),
       ('a1b2c3d4-1111-4000-8000-000000000072', 'AM-004'),
       ('a1b2c3d4-1111-4000-8000-000000000073', 'AM-001'),
       ('a1b2c3d4-1111-4000-8000-000000000073', 'AM-006'),
       ('a1b2c3d4-1111-4000-8000-000000000073', 'AM-003'),
       ('a1b2c3d4-1111-4000-8000-000000000074', 'AM-001'),
       ('a1b2c3d4-1111-4000-8000-000000000074', 'AM-005'),
       ('a1b2c3d4-1111-4000-8000-000000000074', 'AM-007'),
       ('a1b2c3d4-1111-4000-8000-000000000075', 'AM-003'),
       ('a1b2c3d4-1111-4000-8000-000000000075', 'AM-006'),
       ('a1b2c3d4-1111-4000-8000-000000000075', 'AM-002'),
       ('a1b2c3d4-1111-4000-8000-000000000076', 'AM-002'),
       ('a1b2c3d4-1111-4000-8000-000000000076', 'AM-008'),
       ('a1b2c3d4-1111-4000-8000-000000000076', 'AM-010'),
       ('a1b2c3d4-1111-4000-8000-000000000077', 'AM-006'),
       ('a1b2c3d4-1111-4000-8000-000000000077', 'AM-001'),
       ('a1b2c3d4-1111-4000-8000-000000000077', 'AM-009'),
       ('a1b2c3d4-1111-4000-8000-000000000078', 'AM-009'),
       ('a1b2c3d4-1111-4000-8000-000000000078', 'AM-001'),
       ('a1b2c3d4-1111-4000-8000-000000000078', 'AM-008'),
       ('a1b2c3d4-1111-4000-8000-000000000079', 'AM-002'),
       ('a1b2c3d4-1111-4000-8000-000000000079', 'AM-003'),
       ('a1b2c3d4-1111-4000-8000-000000000079', 'AM-006'),
       ('a1b2c3d4-1111-4000-8000-000000000080', 'AM-001'),
       ('a1b2c3d4-1111-4000-8000-000000000080', 'AM-005'),
       ('a1b2c3d4-1111-4000-8000-000000000080', 'AM-003'),
       ('a1b2c3d4-1111-4000-8000-000000000081', 'AM-001'),
       ('a1b2c3d4-1111-4000-8000-000000000081', 'AM-006'),
       ('a1b2c3d4-1111-4000-8000-000000000081', 'AM-009'),
       ('a1b2c3d4-1111-4000-8000-000000000082', 'AM-001'),
       ('a1b2c3d4-1111-4000-8000-000000000082', 'AM-010'),
       ('a1b2c3d4-1111-4000-8000-000000000082', 'AM-004'),
       ('a1b2c3d4-1111-4000-8000-000000000083', 'AM-001'),
       ('a1b2c3d4-1111-4000-8000-000000000083', 'AM-006'),
       ('a1b2c3d4-1111-4000-8000-000000000083', 'AM-003'),
       ('a1b2c3d4-1111-4000-8000-000000000084', 'AM-001'),
       ('a1b2c3d4-1111-4000-8000-000000000084', 'AM-005'),
       ('a1b2c3d4-1111-4000-8000-000000000084', 'AM-007'),
       ('a1b2c3d4-1111-4000-8000-000000000085', 'AM-003'),
       ('a1b2c3d4-1111-4000-8000-000000000085', 'AM-006'),
       ('a1b2c3d4-1111-4000-8000-000000000085', 'AM-002'),
       ('a1b2c3d4-1111-4000-8000-000000000086', 'AM-002'),
       ('a1b2c3d4-1111-4000-8000-000000000086', 'AM-008'),
       ('a1b2c3d4-1111-4000-8000-000000000086', 'AM-010'),
       ('a1b2c3d4-1111-4000-8000-000000000087', 'AM-006'),
       ('a1b2c3d4-1111-4000-8000-000000000087', 'AM-001'),
       ('a1b2c3d4-1111-4000-8000-000000000087', 'AM-009'),
       ('a1b2c3d4-1111-4000-8000-000000000088', 'AM-009'),
       ('a1b2c3d4-1111-4000-8000-000000000088', 'AM-001'),
       ('a1b2c3d4-1111-4000-8000-000000000088', 'AM-008'),
       ('a1b2c3d4-1111-4000-8000-000000000089', 'AM-002'),
       ('a1b2c3d4-1111-4000-8000-000000000089', 'AM-003'),
       ('a1b2c3d4-1111-4000-8000-000000000089', 'AM-006'),
       ('a1b2c3d4-1111-4000-8000-000000000090', 'AM-001'),
       ('a1b2c3d4-1111-4000-8000-000000000090', 'AM-005'),
       ('a1b2c3d4-1111-4000-8000-000000000090', 'AM-003'),
       ('a1b2c3d4-1111-4000-8000-000000000091', 'AM-001'),
       ('a1b2c3d4-1111-4000-8000-000000000091', 'AM-006'),
       ('a1b2c3d4-1111-4000-8000-000000000091', 'AM-009'),
       ('a1b2c3d4-1111-4000-8000-000000000092', 'AM-001'),
       ('a1b2c3d4-1111-4000-8000-000000000092', 'AM-010'),
       ('a1b2c3d4-1111-4000-8000-000000000092', 'AM-004'),
       ('a1b2c3d4-1111-4000-8000-000000000093', 'AM-001'),
       ('a1b2c3d4-1111-4000-8000-000000000093', 'AM-006'),
       ('a1b2c3d4-1111-4000-8000-000000000093', 'AM-003'),
       ('a1b2c3d4-1111-4000-8000-000000000094', 'AM-001'),
       ('a1b2c3d4-1111-4000-8000-000000000094', 'AM-005'),
       ('a1b2c3d4-1111-4000-8000-000000000094', 'AM-007'),
       ('a1b2c3d4-1111-4000-8000-000000000095', 'AM-003'),
       ('a1b2c3d4-1111-4000-8000-000000000095', 'AM-006'),
       ('a1b2c3d4-1111-4000-8000-000000000095', 'AM-002'),
       ('a1b2c3d4-1111-4000-8000-000000000096', 'AM-002'),
       ('a1b2c3d4-1111-4000-8000-000000000096', 'AM-008'),
       ('a1b2c3d4-1111-4000-8000-000000000096', 'AM-010'),
       ('a1b2c3d4-1111-4000-8000-000000000097', 'AM-006'),
       ('a1b2c3d4-1111-4000-8000-000000000097', 'AM-001'),
       ('a1b2c3d4-1111-4000-8000-000000000097', 'AM-009'),
       ('a1b2c3d4-1111-4000-8000-000000000098', 'AM-009'),
       ('a1b2c3d4-1111-4000-8000-000000000098', 'AM-001'),
       ('a1b2c3d4-1111-4000-8000-000000000098', 'AM-008'),
       ('a1b2c3d4-1111-4000-8000-000000000099', 'AM-002'),
       ('a1b2c3d4-1111-4000-8000-000000000099', 'AM-003'),
       ('a1b2c3d4-1111-4000-8000-000000000099', 'AM-006'),
       ('a1b2c3d4-1111-4000-8000-000000000100', 'AM-001'),
       ('a1b2c3d4-1111-4000-8000-000000000100', 'AM-005'),
       ('a1b2c3d4-1111-4000-8000-000000000100', 'AM-003'),
       ('a1b2c3d4-1111-4000-8000-000000000101', 'AM-001'),
       ('a1b2c3d4-1111-4000-8000-000000000101', 'AM-006'),
       ('a1b2c3d4-1111-4000-8000-000000000101', 'AM-009'),
       ('a1b2c3d4-1111-4000-8000-000000000102', 'AM-001'),
       ('a1b2c3d4-1111-4000-8000-000000000102', 'AM-010'),
       ('a1b2c3d4-1111-4000-8000-000000000102', 'AM-004'),
       ('a1b2c3d4-1111-4000-8000-000000000103', 'AM-001'),
       ('a1b2c3d4-1111-4000-8000-000000000103', 'AM-006'),
       ('a1b2c3d4-1111-4000-8000-000000000103', 'AM-003'),
       ('a1b2c3d4-1111-4000-8000-000000000104', 'AM-001'),
       ('a1b2c3d4-1111-4000-8000-000000000104', 'AM-005'),
       ('a1b2c3d4-1111-4000-8000-000000000104', 'AM-007'),
       ('a1b2c3d4-1111-4000-8000-000000000105', 'AM-003'),
       ('a1b2c3d4-1111-4000-8000-000000000105', 'AM-006'),
       ('a1b2c3d4-1111-4000-8000-000000000105', 'AM-002'),
       ('a1b2c3d4-1111-4000-8000-000000000106', 'AM-002'),
       ('a1b2c3d4-1111-4000-8000-000000000106', 'AM-008'),
       ('a1b2c3d4-1111-4000-8000-000000000106', 'AM-010'),
       ('a1b2c3d4-1111-4000-8000-000000000107', 'AM-006'),
       ('a1b2c3d4-1111-4000-8000-000000000107', 'AM-001'),
       ('a1b2c3d4-1111-4000-8000-000000000107', 'AM-009'),
       ('a1b2c3d4-1111-4000-8000-000000000108', 'AM-009'),
       ('a1b2c3d4-1111-4000-8000-000000000108', 'AM-001'),
       ('a1b2c3d4-1111-4000-8000-000000000108', 'AM-008'),
       ('a1b2c3d4-1111-4000-8000-000000000109', 'AM-002'),
       ('a1b2c3d4-1111-4000-8000-000000000109', 'AM-003'),
       ('a1b2c3d4-1111-4000-8000-000000000109', 'AM-006'),
       ('a1b2c3d4-1111-4000-8000-000000000110', 'AM-001'),
       ('a1b2c3d4-1111-4000-8000-000000000110', 'AM-005'),
       ('a1b2c3d4-1111-4000-8000-000000000110', 'AM-003'),
       ('a1b2c3d4-1111-4000-8000-000000000111', 'AM-001'),
       ('a1b2c3d4-1111-4000-8000-000000000111', 'AM-006'),
       ('a1b2c3d4-1111-4000-8000-000000000111', 'AM-009'),
       ('a1b2c3d4-1111-4000-8000-000000000112', 'AM-001'),
       ('a1b2c3d4-1111-4000-8000-000000000112', 'AM-010'),
       ('a1b2c3d4-1111-4000-8000-000000000112', 'AM-004'),
       ('a1b2c3d4-1111-4000-8000-000000000113', 'AM-001'),
       ('a1b2c3d4-1111-4000-8000-000000000113', 'AM-006'),
       ('a1b2c3d4-1111-4000-8000-000000000113', 'AM-003'),
       ('a1b2c3d4-1111-4000-8000-000000000114', 'AM-001'),
       ('a1b2c3d4-1111-4000-8000-000000000114', 'AM-005'),
       ('a1b2c3d4-1111-4000-8000-000000000114', 'AM-007'),
       ('a1b2c3d4-1111-4000-8000-000000000115', 'AM-003'),
       ('a1b2c3d4-1111-4000-8000-000000000115', 'AM-006'),
       ('a1b2c3d4-1111-4000-8000-000000000115', 'AM-002'),
       ('a1b2c3d4-1111-4000-8000-000000000116', 'AM-002'),
       ('a1b2c3d4-1111-4000-8000-000000000116', 'AM-008'),
       ('a1b2c3d4-1111-4000-8000-000000000116', 'AM-010'),
       ('a1b2c3d4-1111-4000-8000-000000000117', 'AM-006'),
       ('a1b2c3d4-1111-4000-8000-000000000117', 'AM-001'),
       ('a1b2c3d4-1111-4000-8000-000000000117', 'AM-009'),
       ('a1b2c3d4-1111-4000-8000-000000000118', 'AM-009'),
       ('a1b2c3d4-1111-4000-8000-000000000118', 'AM-001'),
       ('a1b2c3d4-1111-4000-8000-000000000118', 'AM-008'),
       ('a1b2c3d4-1111-4000-8000-000000000119', 'AM-002'),
       ('a1b2c3d4-1111-4000-8000-000000000119', 'AM-003'),
       ('a1b2c3d4-1111-4000-8000-000000000119', 'AM-006'),
       ('a1b2c3d4-1111-4000-8000-000000000120', 'AM-001'),
       ('a1b2c3d4-1111-4000-8000-000000000120', 'AM-005'),
       ('a1b2c3d4-1111-4000-8000-000000000120', 'AM-003'),
       ('a1b2c3d4-1111-4000-8000-000000000121', 'AM-001'),
       ('a1b2c3d4-1111-4000-8000-000000000121', 'AM-006'),
       ('a1b2c3d4-1111-4000-8000-000000000121', 'AM-009'),
       ('a1b2c3d4-1111-4000-8000-000000000122', 'AM-001'),
       ('a1b2c3d4-1111-4000-8000-000000000122', 'AM-010'),
       ('a1b2c3d4-1111-4000-8000-000000000122', 'AM-004'),
       ('a1b2c3d4-1111-4000-8000-000000000123', 'AM-001'),
       ('a1b2c3d4-1111-4000-8000-000000000123', 'AM-006'),
       ('a1b2c3d4-1111-4000-8000-000000000123', 'AM-003'),
       ('a1b2c3d4-1111-4000-8000-000000000124', 'AM-001'),
       ('a1b2c3d4-1111-4000-8000-000000000124', 'AM-005'),
       ('a1b2c3d4-1111-4000-8000-000000000124', 'AM-007'),
       ('a1b2c3d4-1111-4000-8000-000000000125', 'AM-003'),
       ('a1b2c3d4-1111-4000-8000-000000000125', 'AM-006'),
       ('a1b2c3d4-1111-4000-8000-000000000125', 'AM-002'),
       ('a1b2c3d4-1111-4000-8000-000000000126', 'AM-002'),
       ('a1b2c3d4-1111-4000-8000-000000000126', 'AM-008'),
       ('a1b2c3d4-1111-4000-8000-000000000126', 'AM-010'),
       ('a1b2c3d4-1111-4000-8000-000000000127', 'AM-006'),
       ('a1b2c3d4-1111-4000-8000-000000000127', 'AM-001'),
       ('a1b2c3d4-1111-4000-8000-000000000127', 'AM-009'),
       ('a1b2c3d4-1111-4000-8000-000000000128', 'AM-009'),
       ('a1b2c3d4-1111-4000-8000-000000000128', 'AM-001'),
       ('a1b2c3d4-1111-4000-8000-000000000128', 'AM-008'),
       ('a1b2c3d4-1111-4000-8000-000000000129', 'AM-002'),
       ('a1b2c3d4-1111-4000-8000-000000000129', 'AM-003'),
       ('a1b2c3d4-1111-4000-8000-000000000129', 'AM-006'),
       ('a1b2c3d4-1111-4000-8000-000000000130', 'AM-001'),
       ('a1b2c3d4-1111-4000-8000-000000000130', 'AM-005'),
       ('a1b2c3d4-1111-4000-8000-000000000130', 'AM-003'),
       ('a1b2c3d4-1111-4000-8000-000000000131', 'AM-001'),
       ('a1b2c3d4-1111-4000-8000-000000000131', 'AM-006'),
       ('a1b2c3d4-1111-4000-8000-000000000131', 'AM-009'),
       ('a1b2c3d4-1111-4000-8000-000000000132', 'AM-001'),
       ('a1b2c3d4-1111-4000-8000-000000000132', 'AM-010'),
       ('a1b2c3d4-1111-4000-8000-000000000132', 'AM-004'),
       ('a1b2c3d4-1111-4000-8000-000000000133', 'AM-001'),
       ('a1b2c3d4-1111-4000-8000-000000000133', 'AM-006'),
       ('a1b2c3d4-1111-4000-8000-000000000133', 'AM-003'),
       ('a1b2c3d4-1111-4000-8000-000000000134', 'AM-001'),
       ('a1b2c3d4-1111-4000-8000-000000000134', 'AM-005'),
       ('a1b2c3d4-1111-4000-8000-000000000134', 'AM-007'),
       ('a1b2c3d4-1111-4000-8000-000000000135', 'AM-003'),
       ('a1b2c3d4-1111-4000-8000-000000000135', 'AM-006'),
       ('a1b2c3d4-1111-4000-8000-000000000135', 'AM-002'),
       ('a1b2c3d4-1111-4000-8000-000000000136', 'AM-002'),
       ('a1b2c3d4-1111-4000-8000-000000000136', 'AM-008'),
       ('a1b2c3d4-1111-4000-8000-000000000136', 'AM-010'),
       ('a1b2c3d4-1111-4000-8000-000000000137', 'AM-006'),
       ('a1b2c3d4-1111-4000-8000-000000000137', 'AM-001'),
       ('a1b2c3d4-1111-4000-8000-000000000137', 'AM-009'),
       ('a1b2c3d4-1111-4000-8000-000000000138', 'AM-009'),
       ('a1b2c3d4-1111-4000-8000-000000000138', 'AM-001'),
       ('a1b2c3d4-1111-4000-8000-000000000138', 'AM-008'),
       ('a1b2c3d4-1111-4000-8000-000000000139', 'AM-002'),
       ('a1b2c3d4-1111-4000-8000-000000000139', 'AM-003'),
       ('a1b2c3d4-1111-4000-8000-000000000139', 'AM-006'),
       ('a1b2c3d4-1111-4000-8000-000000000140', 'AM-001'),
       ('a1b2c3d4-1111-4000-8000-000000000140', 'AM-005'),
       ('a1b2c3d4-1111-4000-8000-000000000140', 'AM-003'),
       ('a1b2c3d4-1111-4000-8000-000000000141', 'AM-001'),
       ('a1b2c3d4-1111-4000-8000-000000000141', 'AM-006'),
       ('a1b2c3d4-1111-4000-8000-000000000141', 'AM-009'),
       ('a1b2c3d4-1111-4000-8000-000000000142', 'AM-001'),
       ('a1b2c3d4-1111-4000-8000-000000000142', 'AM-010'),
       ('a1b2c3d4-1111-4000-8000-000000000142', 'AM-004'),
       ('a1b2c3d4-1111-4000-8000-000000000143', 'AM-001'),
       ('a1b2c3d4-1111-4000-8000-000000000143', 'AM-006'),
       ('a1b2c3d4-1111-4000-8000-000000000143', 'AM-003'),
       ('a1b2c3d4-1111-4000-8000-000000000144', 'AM-001'),
       ('a1b2c3d4-1111-4000-8000-000000000144', 'AM-005'),
       ('a1b2c3d4-1111-4000-8000-000000000144', 'AM-007'),
       ('a1b2c3d4-1111-4000-8000-000000000145', 'AM-003'),
       ('a1b2c3d4-1111-4000-8000-000000000145', 'AM-006'),
       ('a1b2c3d4-1111-4000-8000-000000000145', 'AM-002'),
       ('a1b2c3d4-1111-4000-8000-000000000146', 'AM-002'),
       ('a1b2c3d4-1111-4000-8000-000000000146', 'AM-008'),
       ('a1b2c3d4-1111-4000-8000-000000000146', 'AM-010'),
       ('a1b2c3d4-1111-4000-8000-000000000147', 'AM-006'),
       ('a1b2c3d4-1111-4000-8000-000000000147', 'AM-001'),
       ('a1b2c3d4-1111-4000-8000-000000000147', 'AM-009'),
       ('a1b2c3d4-1111-4000-8000-000000000148', 'AM-009'),
       ('a1b2c3d4-1111-4000-8000-000000000148', 'AM-001'),
       ('a1b2c3d4-1111-4000-8000-000000000148', 'AM-008'),
       ('a1b2c3d4-1111-4000-8000-000000000149', 'AM-002'),
       ('a1b2c3d4-1111-4000-8000-000000000149', 'AM-003'),
       ('a1b2c3d4-1111-4000-8000-000000000149', 'AM-006'),
       ('a1b2c3d4-1111-4000-8000-000000000150', 'AM-001'),
       ('a1b2c3d4-1111-4000-8000-000000000150', 'AM-005'),
       ('a1b2c3d4-1111-4000-8000-000000000150', 'AM-003');

-- Insert reviews: 2 reviews per property (300 total)
-- Reviewer names cycle via (review_seq - 1) % 8 across all 300 rows
-- Rating: review1 = (prop_index % 5) + 1, review2 = ((prop_index + 2) % 5) + 1
-- Comments cycle by property_index % 10
INSERT INTO review (id, property_detail_id, name, rating)
VALUES ('R-00001', 'a1b2c3d4-1111-4000-8000-000000000001', 'Juan Pérez', 1),
       ('R-00002', 'a1b2c3d4-1111-4000-8000-000000000001', 'María García', 3),
       ('R-00003', 'a1b2c3d4-1111-4000-8000-000000000002', 'Carlos López', 2),
       ('R-00004', 'a1b2c3d4-1111-4000-8000-000000000002', 'Ana Martínez', 4),
       ('R-00005', 'a1b2c3d4-1111-4000-8000-000000000003', 'Roberto Silva', 3),
       ('R-00006', 'a1b2c3d4-1111-4000-8000-000000000003', 'Sofía Ramírez', 5),
       ('R-00007', 'a1b2c3d4-1111-4000-8000-000000000004', 'Andrés Torres', 4),
       ('R-00008', 'a1b2c3d4-1111-4000-8000-000000000004', 'Camila Herrera', 1),
       ('R-00009', 'a1b2c3d4-1111-4000-8000-000000000005', 'Juan Pérez', 5),
       ('R-00010', 'a1b2c3d4-1111-4000-8000-000000000005', 'María García', 2),
       ('R-00011', 'a1b2c3d4-1111-4000-8000-000000000006', 'Carlos López', 1),
       ('R-00012', 'a1b2c3d4-1111-4000-8000-000000000006', 'Ana Martínez', 3),
       ('R-00013', 'a1b2c3d4-1111-4000-8000-000000000007', 'Roberto Silva', 2),
       ('R-00014', 'a1b2c3d4-1111-4000-8000-000000000007', 'Sofía Ramírez', 4),
       ('R-00015', 'a1b2c3d4-1111-4000-8000-000000000008', 'Andrés Torres', 3),
       ('R-00016', 'a1b2c3d4-1111-4000-8000-000000000008', 'Camila Herrera', 5),
       ('R-00017', 'a1b2c3d4-1111-4000-8000-000000000009', 'Juan Pérez', 4),
       ('R-00018', 'a1b2c3d4-1111-4000-8000-000000000009', 'María García', 1),
       ('R-00019', 'a1b2c3d4-1111-4000-8000-000000000010', 'Carlos López', 5),
       ('R-00020', 'a1b2c3d4-1111-4000-8000-000000000010', 'Ana Martínez', 2),
       ('R-00021', 'a1b2c3d4-1111-4000-8000-000000000011', 'Roberto Silva', 1),
       ('R-00022', 'a1b2c3d4-1111-4000-8000-000000000011', 'Sofía Ramírez', 3),
       ('R-00023', 'a1b2c3d4-1111-4000-8000-000000000012', 'Andrés Torres', 2),
       ('R-00024', 'a1b2c3d4-1111-4000-8000-000000000012', 'Camila Herrera', 4),
       ('R-00025', 'a1b2c3d4-1111-4000-8000-000000000013', 'Juan Pérez', 3),
       ('R-00026', 'a1b2c3d4-1111-4000-8000-000000000013', 'María García', 5),
       ('R-00027', 'a1b2c3d4-1111-4000-8000-000000000014', 'Carlos López', 4),
       ('R-00028', 'a1b2c3d4-1111-4000-8000-000000000014', 'Ana Martínez', 1),
       ('R-00029', 'a1b2c3d4-1111-4000-8000-000000000015', 'Roberto Silva', 5),
       ('R-00030', 'a1b2c3d4-1111-4000-8000-000000000015', 'Sofía Ramírez', 2),
       ('R-00031', 'a1b2c3d4-1111-4000-8000-000000000016', 'Andrés Torres', 1),
       ('R-00032', 'a1b2c3d4-1111-4000-8000-000000000016', 'Camila Herrera', 3),
       ('R-00033', 'a1b2c3d4-1111-4000-8000-000000000017', 'Juan Pérez', 2),
       ('R-00034', 'a1b2c3d4-1111-4000-8000-000000000017', 'María García', 4),
       ('R-00035', 'a1b2c3d4-1111-4000-8000-000000000018', 'Carlos López', 3),
       ('R-00036', 'a1b2c3d4-1111-4000-8000-000000000018', 'Ana Martínez', 5),
       ('R-00037', 'a1b2c3d4-1111-4000-8000-000000000019', 'Roberto Silva', 4),
       ('R-00038', 'a1b2c3d4-1111-4000-8000-000000000019', 'Sofía Ramírez', 1),
       ('R-00039', 'a1b2c3d4-1111-4000-8000-000000000020', 'Andrés Torres', 5),
       ('R-00040', 'a1b2c3d4-1111-4000-8000-000000000020', 'Camila Herrera', 2),
       ('R-00041', 'a1b2c3d4-1111-4000-8000-000000000021', 'Juan Pérez', 1),
       ('R-00042', 'a1b2c3d4-1111-4000-8000-000000000021', 'María García', 3),
       ('R-00043', 'a1b2c3d4-1111-4000-8000-000000000022', 'Carlos López', 2),
       ('R-00044', 'a1b2c3d4-1111-4000-8000-000000000022', 'Ana Martínez', 4),
       ('R-00045', 'a1b2c3d4-1111-4000-8000-000000000023', 'Roberto Silva', 3),
       ('R-00046', 'a1b2c3d4-1111-4000-8000-000000000023', 'Sofía Ramírez', 5),
       ('R-00047', 'a1b2c3d4-1111-4000-8000-000000000024', 'Andrés Torres', 4),
       ('R-00048', 'a1b2c3d4-1111-4000-8000-000000000024', 'Camila Herrera', 1),
       ('R-00049', 'a1b2c3d4-1111-4000-8000-000000000025', 'Juan Pérez', 5),
       ('R-00050', 'a1b2c3d4-1111-4000-8000-000000000025', 'María García', 2),
       ('R-00051', 'a1b2c3d4-1111-4000-8000-000000000026', 'Carlos López', 1),
       ('R-00052', 'a1b2c3d4-1111-4000-8000-000000000026', 'Ana Martínez', 3),
       ('R-00053', 'a1b2c3d4-1111-4000-8000-000000000027', 'Roberto Silva', 2),
       ('R-00054', 'a1b2c3d4-1111-4000-8000-000000000027', 'Sofía Ramírez', 4),
       ('R-00055', 'a1b2c3d4-1111-4000-8000-000000000028', 'Andrés Torres', 3),
       ('R-00056', 'a1b2c3d4-1111-4000-8000-000000000028', 'Camila Herrera', 5),
       ('R-00057', 'a1b2c3d4-1111-4000-8000-000000000029', 'Juan Pérez', 4),
       ('R-00058', 'a1b2c3d4-1111-4000-8000-000000000029', 'María García', 1),
       ('R-00059', 'a1b2c3d4-1111-4000-8000-000000000030', 'Carlos López', 5),
       ('R-00060', 'a1b2c3d4-1111-4000-8000-000000000030', 'Ana Martínez', 2),
       ('R-00061', 'a1b2c3d4-1111-4000-8000-000000000031', 'Roberto Silva', 1),
       ('R-00062', 'a1b2c3d4-1111-4000-8000-000000000031', 'Sofía Ramírez', 3),
       ('R-00063', 'a1b2c3d4-1111-4000-8000-000000000032', 'Andrés Torres', 2),
       ('R-00064', 'a1b2c3d4-1111-4000-8000-000000000032', 'Camila Herrera', 4),
       ('R-00065', 'a1b2c3d4-1111-4000-8000-000000000033', 'Juan Pérez', 3),
       ('R-00066', 'a1b2c3d4-1111-4000-8000-000000000033', 'María García', 5),
       ('R-00067', 'a1b2c3d4-1111-4000-8000-000000000034', 'Carlos López', 4),
       ('R-00068', 'a1b2c3d4-1111-4000-8000-000000000034', 'Ana Martínez', 1),
       ('R-00069', 'a1b2c3d4-1111-4000-8000-000000000035', 'Roberto Silva', 5),
       ('R-00070', 'a1b2c3d4-1111-4000-8000-000000000035', 'Sofía Ramírez', 2),
       ('R-00071', 'a1b2c3d4-1111-4000-8000-000000000036', 'Andrés Torres', 1),
       ('R-00072', 'a1b2c3d4-1111-4000-8000-000000000036', 'Camila Herrera', 3),
       ('R-00073', 'a1b2c3d4-1111-4000-8000-000000000037', 'Juan Pérez', 2),
       ('R-00074', 'a1b2c3d4-1111-4000-8000-000000000037', 'María García', 4),
       ('R-00075', 'a1b2c3d4-1111-4000-8000-000000000038', 'Carlos López', 3),
       ('R-00076', 'a1b2c3d4-1111-4000-8000-000000000038', 'Ana Martínez', 5),
       ('R-00077', 'a1b2c3d4-1111-4000-8000-000000000039', 'Roberto Silva', 4),
       ('R-00078', 'a1b2c3d4-1111-4000-8000-000000000039', 'Sofía Ramírez', 1),
       ('R-00079', 'a1b2c3d4-1111-4000-8000-000000000040', 'Andrés Torres', 5),
       ('R-00080', 'a1b2c3d4-1111-4000-8000-000000000040', 'Camila Herrera', 2),
       ('R-00081', 'a1b2c3d4-1111-4000-8000-000000000041', 'Juan Pérez', 1),
       ('R-00082', 'a1b2c3d4-1111-4000-8000-000000000041', 'María García', 3),
       ('R-00083', 'a1b2c3d4-1111-4000-8000-000000000042', 'Carlos López', 2),
       ('R-00084', 'a1b2c3d4-1111-4000-8000-000000000042', 'Ana Martínez', 4),
       ('R-00085', 'a1b2c3d4-1111-4000-8000-000000000043', 'Roberto Silva', 3),
       ('R-00086', 'a1b2c3d4-1111-4000-8000-000000000043', 'Sofía Ramírez', 5),
       ('R-00087', 'a1b2c3d4-1111-4000-8000-000000000044', 'Andrés Torres', 4),
       ('R-00088', 'a1b2c3d4-1111-4000-8000-000000000044', 'Camila Herrera', 1),
       ('R-00089', 'a1b2c3d4-1111-4000-8000-000000000045', 'Juan Pérez', 5),
       ('R-00090', 'a1b2c3d4-1111-4000-8000-000000000045', 'María García', 2),
       ('R-00091', 'a1b2c3d4-1111-4000-8000-000000000046', 'Carlos López', 1),
       ('R-00092', 'a1b2c3d4-1111-4000-8000-000000000046', 'Ana Martínez', 3),
       ('R-00093', 'a1b2c3d4-1111-4000-8000-000000000047', 'Roberto Silva', 2),
       ('R-00094', 'a1b2c3d4-1111-4000-8000-000000000047', 'Sofía Ramírez', 4),
       ('R-00095', 'a1b2c3d4-1111-4000-8000-000000000048', 'Andrés Torres', 3),
       ('R-00096', 'a1b2c3d4-1111-4000-8000-000000000048', 'Camila Herrera', 5),
       ('R-00097', 'a1b2c3d4-1111-4000-8000-000000000049', 'Juan Pérez', 4),
       ('R-00098', 'a1b2c3d4-1111-4000-8000-000000000049', 'María García', 1),
       ('R-00099', 'a1b2c3d4-1111-4000-8000-000000000050', 'Carlos López', 5),
       ('R-00100', 'a1b2c3d4-1111-4000-8000-000000000050', 'Ana Martínez', 2),
       ('R-00101', 'a1b2c3d4-1111-4000-8000-000000000051', 'Roberto Silva', 1),
       ('R-00102', 'a1b2c3d4-1111-4000-8000-000000000051', 'Sofía Ramírez', 3),
       ('R-00103', 'a1b2c3d4-1111-4000-8000-000000000052', 'Andrés Torres', 2),
       ('R-00104', 'a1b2c3d4-1111-4000-8000-000000000052', 'Camila Herrera', 4),
       ('R-00105', 'a1b2c3d4-1111-4000-8000-000000000053', 'Juan Pérez', 3),
       ('R-00106', 'a1b2c3d4-1111-4000-8000-000000000053', 'María García', 5),
       ('R-00107', 'a1b2c3d4-1111-4000-8000-000000000054', 'Carlos López', 4),
       ('R-00108', 'a1b2c3d4-1111-4000-8000-000000000054', 'Ana Martínez', 1),
       ('R-00109', 'a1b2c3d4-1111-4000-8000-000000000055', 'Roberto Silva', 5),
       ('R-00110', 'a1b2c3d4-1111-4000-8000-000000000055', 'Sofía Ramírez', 2),
       ('R-00111', 'a1b2c3d4-1111-4000-8000-000000000056', 'Andrés Torres', 1),
       ('R-00112', 'a1b2c3d4-1111-4000-8000-000000000056', 'Camila Herrera', 3),
       ('R-00113', 'a1b2c3d4-1111-4000-8000-000000000057', 'Juan Pérez', 2),
       ('R-00114', 'a1b2c3d4-1111-4000-8000-000000000057', 'María García', 4),
       ('R-00115', 'a1b2c3d4-1111-4000-8000-000000000058', 'Carlos López', 3),
       ('R-00116', 'a1b2c3d4-1111-4000-8000-000000000058', 'Ana Martínez', 5),
       ('R-00117', 'a1b2c3d4-1111-4000-8000-000000000059', 'Roberto Silva', 4),
       ('R-00118', 'a1b2c3d4-1111-4000-8000-000000000059', 'Sofía Ramírez', 1),
       ('R-00119', 'a1b2c3d4-1111-4000-8000-000000000060', 'Andrés Torres', 5),
       ('R-00120', 'a1b2c3d4-1111-4000-8000-000000000060', 'Camila Herrera', 2),
       ('R-00121', 'a1b2c3d4-1111-4000-8000-000000000061', 'Juan Pérez', 1),
       ('R-00122', 'a1b2c3d4-1111-4000-8000-000000000061', 'María García', 3),
       ('R-00123', 'a1b2c3d4-1111-4000-8000-000000000062', 'Carlos López', 2),
       ('R-00124', 'a1b2c3d4-1111-4000-8000-000000000062', 'Ana Martínez', 4),
       ('R-00125', 'a1b2c3d4-1111-4000-8000-000000000063', 'Roberto Silva', 3),
       ('R-00126', 'a1b2c3d4-1111-4000-8000-000000000063', 'Sofía Ramírez', 5),
       ('R-00127', 'a1b2c3d4-1111-4000-8000-000000000064', 'Andrés Torres', 4),
       ('R-00128', 'a1b2c3d4-1111-4000-8000-000000000064', 'Camila Herrera', 1),
       ('R-00129', 'a1b2c3d4-1111-4000-8000-000000000065', 'Juan Pérez', 5),
       ('R-00130', 'a1b2c3d4-1111-4000-8000-000000000065', 'María García', 2),
       ('R-00131', 'a1b2c3d4-1111-4000-8000-000000000066', 'Carlos López', 1),
       ('R-00132', 'a1b2c3d4-1111-4000-8000-000000000066', 'Ana Martínez', 3),
       ('R-00133', 'a1b2c3d4-1111-4000-8000-000000000067', 'Roberto Silva', 2),
       ('R-00134', 'a1b2c3d4-1111-4000-8000-000000000067', 'Sofía Ramírez', 4),
       ('R-00135', 'a1b2c3d4-1111-4000-8000-000000000068', 'Andrés Torres', 3),
       ('R-00136', 'a1b2c3d4-1111-4000-8000-000000000068', 'Camila Herrera', 5),
       ('R-00137', 'a1b2c3d4-1111-4000-8000-000000000069', 'Juan Pérez', 4),
       ('R-00138', 'a1b2c3d4-1111-4000-8000-000000000069', 'María García', 1),
       ('R-00139', 'a1b2c3d4-1111-4000-8000-000000000070', 'Carlos López', 5),
       ('R-00140', 'a1b2c3d4-1111-4000-8000-000000000070', 'Ana Martínez', 2),
       ('R-00141', 'a1b2c3d4-1111-4000-8000-000000000071', 'Roberto Silva', 1),
       ('R-00142', 'a1b2c3d4-1111-4000-8000-000000000071', 'Sofía Ramírez', 3),
       ('R-00143', 'a1b2c3d4-1111-4000-8000-000000000072', 'Andrés Torres', 2),
       ('R-00144', 'a1b2c3d4-1111-4000-8000-000000000072', 'Camila Herrera', 4),
       ('R-00145', 'a1b2c3d4-1111-4000-8000-000000000073', 'Juan Pérez', 3),
       ('R-00146', 'a1b2c3d4-1111-4000-8000-000000000073', 'María García', 5),
       ('R-00147', 'a1b2c3d4-1111-4000-8000-000000000074', 'Carlos López', 4),
       ('R-00148', 'a1b2c3d4-1111-4000-8000-000000000074', 'Ana Martínez', 1),
       ('R-00149', 'a1b2c3d4-1111-4000-8000-000000000075', 'Roberto Silva', 5),
       ('R-00150', 'a1b2c3d4-1111-4000-8000-000000000075', 'Sofía Ramírez', 2),
       ('R-00151', 'a1b2c3d4-1111-4000-8000-000000000076', 'Andrés Torres', 1),
       ('R-00152', 'a1b2c3d4-1111-4000-8000-000000000076', 'Camila Herrera', 3),
       ('R-00153', 'a1b2c3d4-1111-4000-8000-000000000077', 'Juan Pérez', 2),
       ('R-00154', 'a1b2c3d4-1111-4000-8000-000000000077', 'María García', 4),
       ('R-00155', 'a1b2c3d4-1111-4000-8000-000000000078', 'Carlos López', 3),
       ('R-00156', 'a1b2c3d4-1111-4000-8000-000000000078', 'Ana Martínez', 5),
       ('R-00157', 'a1b2c3d4-1111-4000-8000-000000000079', 'Roberto Silva', 4),
       ('R-00158', 'a1b2c3d4-1111-4000-8000-000000000079', 'Sofía Ramírez', 1),
       ('R-00159', 'a1b2c3d4-1111-4000-8000-000000000080', 'Andrés Torres', 5),
       ('R-00160', 'a1b2c3d4-1111-4000-8000-000000000080', 'Camila Herrera', 2),
       ('R-00161', 'a1b2c3d4-1111-4000-8000-000000000081', 'Juan Pérez', 1),
       ('R-00162', 'a1b2c3d4-1111-4000-8000-000000000081', 'María García', 3),
       ('R-00163', 'a1b2c3d4-1111-4000-8000-000000000082', 'Carlos López', 2),
       ('R-00164', 'a1b2c3d4-1111-4000-8000-000000000082', 'Ana Martínez', 4),
       ('R-00165', 'a1b2c3d4-1111-4000-8000-000000000083', 'Roberto Silva', 3),
       ('R-00166', 'a1b2c3d4-1111-4000-8000-000000000083', 'Sofía Ramírez', 5),
       ('R-00167', 'a1b2c3d4-1111-4000-8000-000000000084', 'Andrés Torres', 4),
       ('R-00168', 'a1b2c3d4-1111-4000-8000-000000000084', 'Camila Herrera', 1),
       ('R-00169', 'a1b2c3d4-1111-4000-8000-000000000085', 'Juan Pérez', 5),
       ('R-00170', 'a1b2c3d4-1111-4000-8000-000000000085', 'María García', 2),
       ('R-00171', 'a1b2c3d4-1111-4000-8000-000000000086', 'Carlos López', 1),
       ('R-00172', 'a1b2c3d4-1111-4000-8000-000000000086', 'Ana Martínez', 3),
       ('R-00173', 'a1b2c3d4-1111-4000-8000-000000000087', 'Roberto Silva', 2),
       ('R-00174', 'a1b2c3d4-1111-4000-8000-000000000087', 'Sofía Ramírez', 4),
       ('R-00175', 'a1b2c3d4-1111-4000-8000-000000000088', 'Andrés Torres', 3),
       ('R-00176', 'a1b2c3d4-1111-4000-8000-000000000088', 'Camila Herrera', 5),
       ('R-00177', 'a1b2c3d4-1111-4000-8000-000000000089', 'Juan Pérez', 4),
       ('R-00178', 'a1b2c3d4-1111-4000-8000-000000000089', 'María García', 1),
       ('R-00179', 'a1b2c3d4-1111-4000-8000-000000000090', 'Carlos López', 5),
       ('R-00180', 'a1b2c3d4-1111-4000-8000-000000000090', 'Ana Martínez', 2),
       ('R-00181', 'a1b2c3d4-1111-4000-8000-000000000091', 'Roberto Silva', 1),
       ('R-00182', 'a1b2c3d4-1111-4000-8000-000000000091', 'Sofía Ramírez', 3),
       ('R-00183', 'a1b2c3d4-1111-4000-8000-000000000092', 'Andrés Torres', 2),
       ('R-00184', 'a1b2c3d4-1111-4000-8000-000000000092', 'Camila Herrera', 4),
       ('R-00185', 'a1b2c3d4-1111-4000-8000-000000000093', 'Juan Pérez', 3),
       ('R-00186', 'a1b2c3d4-1111-4000-8000-000000000093', 'María García', 5),
       ('R-00187', 'a1b2c3d4-1111-4000-8000-000000000094', 'Carlos López', 4),
       ('R-00188', 'a1b2c3d4-1111-4000-8000-000000000094', 'Ana Martínez', 1),
       ('R-00189', 'a1b2c3d4-1111-4000-8000-000000000095', 'Roberto Silva', 5),
       ('R-00190', 'a1b2c3d4-1111-4000-8000-000000000095', 'Sofía Ramírez', 2),
       ('R-00191', 'a1b2c3d4-1111-4000-8000-000000000096', 'Andrés Torres', 1),
       ('R-00192', 'a1b2c3d4-1111-4000-8000-000000000096', 'Camila Herrera', 3),
       ('R-00193', 'a1b2c3d4-1111-4000-8000-000000000097', 'Juan Pérez', 2),
       ('R-00194', 'a1b2c3d4-1111-4000-8000-000000000097', 'María García', 4),
       ('R-00195', 'a1b2c3d4-1111-4000-8000-000000000098', 'Carlos López', 3),
       ('R-00196', 'a1b2c3d4-1111-4000-8000-000000000098', 'Ana Martínez', 5),
       ('R-00197', 'a1b2c3d4-1111-4000-8000-000000000099', 'Roberto Silva', 4),
       ('R-00198', 'a1b2c3d4-1111-4000-8000-000000000099', 'Sofía Ramírez', 1),
       ('R-00199', 'a1b2c3d4-1111-4000-8000-000000000100', 'Andrés Torres', 5),
       ('R-00200', 'a1b2c3d4-1111-4000-8000-000000000100', 'Camila Herrera', 2),
       ('R-00201', 'a1b2c3d4-1111-4000-8000-000000000101', 'Juan Pérez', 1),
       ('R-00202', 'a1b2c3d4-1111-4000-8000-000000000101', 'María García', 3),
       ('R-00203', 'a1b2c3d4-1111-4000-8000-000000000102', 'Carlos López', 2),
       ('R-00204', 'a1b2c3d4-1111-4000-8000-000000000102', 'Ana Martínez', 4),
       ('R-00205', 'a1b2c3d4-1111-4000-8000-000000000103', 'Roberto Silva', 3),
       ('R-00206', 'a1b2c3d4-1111-4000-8000-000000000103', 'Sofía Ramírez', 5),
       ('R-00207', 'a1b2c3d4-1111-4000-8000-000000000104', 'Andrés Torres', 4),
       ('R-00208', 'a1b2c3d4-1111-4000-8000-000000000104', 'Camila Herrera', 1),
       ('R-00209', 'a1b2c3d4-1111-4000-8000-000000000105', 'Juan Pérez', 5),
       ('R-00210', 'a1b2c3d4-1111-4000-8000-000000000105', 'María García', 2),
       ('R-00211', 'a1b2c3d4-1111-4000-8000-000000000106', 'Carlos López', 1),
       ('R-00212', 'a1b2c3d4-1111-4000-8000-000000000106', 'Ana Martínez', 3),
       ('R-00213', 'a1b2c3d4-1111-4000-8000-000000000107', 'Roberto Silva', 2),
       ('R-00214', 'a1b2c3d4-1111-4000-8000-000000000107', 'Sofía Ramírez', 4),
       ('R-00215', 'a1b2c3d4-1111-4000-8000-000000000108', 'Andrés Torres', 3),
       ('R-00216', 'a1b2c3d4-1111-4000-8000-000000000108', 'Camila Herrera', 5),
       ('R-00217', 'a1b2c3d4-1111-4000-8000-000000000109', 'Juan Pérez', 4),
       ('R-00218', 'a1b2c3d4-1111-4000-8000-000000000109', 'María García', 1),
       ('R-00219', 'a1b2c3d4-1111-4000-8000-000000000110', 'Carlos López', 5),
       ('R-00220', 'a1b2c3d4-1111-4000-8000-000000000110', 'Ana Martínez', 2),
       ('R-00221', 'a1b2c3d4-1111-4000-8000-000000000111', 'Roberto Silva', 1),
       ('R-00222', 'a1b2c3d4-1111-4000-8000-000000000111', 'Sofía Ramírez', 3),
       ('R-00223', 'a1b2c3d4-1111-4000-8000-000000000112', 'Andrés Torres', 2),
       ('R-00224', 'a1b2c3d4-1111-4000-8000-000000000112', 'Camila Herrera', 4),
       ('R-00225', 'a1b2c3d4-1111-4000-8000-000000000113', 'Juan Pérez', 3),
       ('R-00226', 'a1b2c3d4-1111-4000-8000-000000000113', 'María García', 5),
       ('R-00227', 'a1b2c3d4-1111-4000-8000-000000000114', 'Carlos López', 4),
       ('R-00228', 'a1b2c3d4-1111-4000-8000-000000000114', 'Ana Martínez', 1),
       ('R-00229', 'a1b2c3d4-1111-4000-8000-000000000115', 'Roberto Silva', 5),
       ('R-00230', 'a1b2c3d4-1111-4000-8000-000000000115', 'Sofía Ramírez', 2),
       ('R-00231', 'a1b2c3d4-1111-4000-8000-000000000116', 'Andrés Torres', 1),
       ('R-00232', 'a1b2c3d4-1111-4000-8000-000000000116', 'Camila Herrera', 3),
       ('R-00233', 'a1b2c3d4-1111-4000-8000-000000000117', 'Juan Pérez', 2),
       ('R-00234', 'a1b2c3d4-1111-4000-8000-000000000117', 'María García', 4),
       ('R-00235', 'a1b2c3d4-1111-4000-8000-000000000118', 'Carlos López', 3),
       ('R-00236', 'a1b2c3d4-1111-4000-8000-000000000118', 'Ana Martínez', 5),
       ('R-00237', 'a1b2c3d4-1111-4000-8000-000000000119', 'Roberto Silva', 4),
       ('R-00238', 'a1b2c3d4-1111-4000-8000-000000000119', 'Sofía Ramírez', 1),
       ('R-00239', 'a1b2c3d4-1111-4000-8000-000000000120', 'Andrés Torres', 5),
       ('R-00240', 'a1b2c3d4-1111-4000-8000-000000000120', 'Camila Herrera', 2),
       ('R-00241', 'a1b2c3d4-1111-4000-8000-000000000121', 'Juan Pérez', 1),
       ('R-00242', 'a1b2c3d4-1111-4000-8000-000000000121', 'María García', 3),
       ('R-00243', 'a1b2c3d4-1111-4000-8000-000000000122', 'Carlos López', 2),
       ('R-00244', 'a1b2c3d4-1111-4000-8000-000000000122', 'Ana Martínez', 4),
       ('R-00245', 'a1b2c3d4-1111-4000-8000-000000000123', 'Roberto Silva', 3),
       ('R-00246', 'a1b2c3d4-1111-4000-8000-000000000123', 'Sofía Ramírez', 5),
       ('R-00247', 'a1b2c3d4-1111-4000-8000-000000000124', 'Andrés Torres', 4),
       ('R-00248', 'a1b2c3d4-1111-4000-8000-000000000124', 'Camila Herrera', 1),
       ('R-00249', 'a1b2c3d4-1111-4000-8000-000000000125', 'Juan Pérez', 5),
       ('R-00250', 'a1b2c3d4-1111-4000-8000-000000000125', 'María García', 2),
       ('R-00251', 'a1b2c3d4-1111-4000-8000-000000000126', 'Carlos López', 1),
       ('R-00252', 'a1b2c3d4-1111-4000-8000-000000000126', 'Ana Martínez', 3),
       ('R-00253', 'a1b2c3d4-1111-4000-8000-000000000127', 'Roberto Silva', 2),
       ('R-00254', 'a1b2c3d4-1111-4000-8000-000000000127', 'Sofía Ramírez', 4),
       ('R-00255', 'a1b2c3d4-1111-4000-8000-000000000128', 'Andrés Torres', 3),
       ('R-00256', 'a1b2c3d4-1111-4000-8000-000000000128', 'Camila Herrera', 5),
       ('R-00257', 'a1b2c3d4-1111-4000-8000-000000000129', 'Juan Pérez', 4),
       ('R-00258', 'a1b2c3d4-1111-4000-8000-000000000129', 'María García', 1),
       ('R-00259', 'a1b2c3d4-1111-4000-8000-000000000130', 'Carlos López', 5),
       ('R-00260', 'a1b2c3d4-1111-4000-8000-000000000130', 'Ana Martínez', 2),
       ('R-00261', 'a1b2c3d4-1111-4000-8000-000000000131', 'Roberto Silva', 1),
       ('R-00262', 'a1b2c3d4-1111-4000-8000-000000000131', 'Sofía Ramírez', 3),
       ('R-00263', 'a1b2c3d4-1111-4000-8000-000000000132', 'Andrés Torres', 2),
       ('R-00264', 'a1b2c3d4-1111-4000-8000-000000000132', 'Camila Herrera', 4),
       ('R-00265', 'a1b2c3d4-1111-4000-8000-000000000133', 'Juan Pérez', 3),
       ('R-00266', 'a1b2c3d4-1111-4000-8000-000000000133', 'María García', 5),
       ('R-00267', 'a1b2c3d4-1111-4000-8000-000000000134', 'Carlos López', 4),
       ('R-00268', 'a1b2c3d4-1111-4000-8000-000000000134', 'Ana Martínez', 1),
       ('R-00269', 'a1b2c3d4-1111-4000-8000-000000000135', 'Roberto Silva', 5),
       ('R-00270', 'a1b2c3d4-1111-4000-8000-000000000135', 'Sofía Ramírez', 2),
       ('R-00271', 'a1b2c3d4-1111-4000-8000-000000000136', 'Andrés Torres', 1),
       ('R-00272', 'a1b2c3d4-1111-4000-8000-000000000136', 'Camila Herrera', 3),
       ('R-00273', 'a1b2c3d4-1111-4000-8000-000000000137', 'Juan Pérez', 2),
       ('R-00274', 'a1b2c3d4-1111-4000-8000-000000000137', 'María García', 4),
       ('R-00275', 'a1b2c3d4-1111-4000-8000-000000000138', 'Carlos López', 3),
       ('R-00276', 'a1b2c3d4-1111-4000-8000-000000000138', 'Ana Martínez', 5),
       ('R-00277', 'a1b2c3d4-1111-4000-8000-000000000139', 'Roberto Silva', 4),
       ('R-00278', 'a1b2c3d4-1111-4000-8000-000000000139', 'Sofía Ramírez', 1),
       ('R-00279', 'a1b2c3d4-1111-4000-8000-000000000140', 'Andrés Torres', 5),
       ('R-00280', 'a1b2c3d4-1111-4000-8000-000000000140', 'Camila Herrera', 2),
       ('R-00281', 'a1b2c3d4-1111-4000-8000-000000000141', 'Juan Pérez', 1),
       ('R-00282', 'a1b2c3d4-1111-4000-8000-000000000141', 'María García', 3),
       ('R-00283', 'a1b2c3d4-1111-4000-8000-000000000142', 'Carlos López', 2),
       ('R-00284', 'a1b2c3d4-1111-4000-8000-000000000142', 'Ana Martínez', 4),
       ('R-00285', 'a1b2c3d4-1111-4000-8000-000000000143', 'Roberto Silva', 3),
       ('R-00286', 'a1b2c3d4-1111-4000-8000-000000000143', 'Sofía Ramírez', 5),
       ('R-00287', 'a1b2c3d4-1111-4000-8000-000000000144', 'Andrés Torres', 4),
       ('R-00288', 'a1b2c3d4-1111-4000-8000-000000000144', 'Camila Herrera', 1),
       ('R-00289', 'a1b2c3d4-1111-4000-8000-000000000145', 'Juan Pérez', 5),
       ('R-00290', 'a1b2c3d4-1111-4000-8000-000000000145', 'María García', 2),
       ('R-00291', 'a1b2c3d4-1111-4000-8000-000000000146', 'Carlos López', 1),
       ('R-00292', 'a1b2c3d4-1111-4000-8000-000000000146', 'Ana Martínez', 3),
       ('R-00293', 'a1b2c3d4-1111-4000-8000-000000000147', 'Roberto Silva', 2),
       ('R-00294', 'a1b2c3d4-1111-4000-8000-000000000147', 'Sofía Ramírez', 4),
       ('R-00295', 'a1b2c3d4-1111-4000-8000-000000000148', 'Andrés Torres', 3),
       ('R-00296', 'a1b2c3d4-1111-4000-8000-000000000148', 'Camila Herrera', 5),
       ('R-00297', 'a1b2c3d4-1111-4000-8000-000000000149', 'Juan Pérez', 4),
       ('R-00298', 'a1b2c3d4-1111-4000-8000-000000000149', 'María García', 1),
       ('R-00299', 'a1b2c3d4-1111-4000-8000-000000000150', 'Carlos López', 5),
       ('R-00300', 'a1b2c3d4-1111-4000-8000-000000000150', 'Ana Martínez', 2);

-- Pre-existing locks for overlap testing (some properties locked for date range)
INSERT INTO locked_property (id_locked, property_detail_id, start_date, end_date, active)
VALUES ('lock-001', 'a1b2c3d4-1111-4000-8000-000000000001', '2025-03-15', '2025-03-20', true),
       ('lock-002', 'a1b2c3d4-1111-4000-8000-000000000011', '2025-03-10', '2025-03-15', true),
       ('lock-003', 'a1b2c3d4-1111-4000-8000-000000000021', '2025-03-25', '2025-03-30', true),
       ('lock-004', 'a1b2c3d4-1111-4000-8000-000000000031', '2025-04-01', '2025-04-05', true),
       ('lock-005', 'a1b2c3d4-1111-4000-8000-000000000041', '2025-03-01', '2025-03-07', true);
