-- Seed data for PricingEngine (pricing-engine) PostgreSQL database
-- Run manually before load tests.
-- Tables: pricing, pricing_rule, discount (Entity Framework Core / Npgsql)

-- Clear existing data (optional, for idempotency)
TRUNCATE TABLE pricing_rule CASCADE;
TRUNCATE TABLE discount CASCADE;
TRUNCATE TABLE pricing CASCADE;

-- ============================================================
-- PRICING: 150 rows (one per property, base price varies by capacity tier)
-- ============================================================
INSERT INTO pricing (id, base_price, property_id) VALUES
  ('b1b2c3d4-2222-4000-8000-000000000001', 121.16, 'a1b2c3d4-1111-4000-8000-000000000001'),
  ('b1b2c3d4-2222-4000-8000-000000000002', 83.51, 'a1b2c3d4-1111-4000-8000-000000000002'),
  ('b1b2c3d4-2222-4000-8000-000000000003', 170.2, 'a1b2c3d4-1111-4000-8000-000000000003'),
  ('b1b2c3d4-2222-4000-8000-000000000004', 140.06, 'a1b2c3d4-1111-4000-8000-000000000004'),
  ('b1b2c3d4-2222-4000-8000-000000000005', 76.4, 'a1b2c3d4-1111-4000-8000-000000000005'),
  ('b1b2c3d4-2222-4000-8000-000000000006', 277.45, 'a1b2c3d4-1111-4000-8000-000000000006'),
  ('b1b2c3d4-2222-4000-8000-000000000007', 85.72, 'a1b2c3d4-1111-4000-8000-000000000007'),
  ('b1b2c3d4-2222-4000-8000-000000000008', 147.77, 'a1b2c3d4-1111-4000-8000-000000000008'),
  ('b1b2c3d4-2222-4000-8000-000000000009', 368.32, 'a1b2c3d4-1111-4000-8000-000000000009'),
  ('b1b2c3d4-2222-4000-8000-000000000010', 112.06, 'a1b2c3d4-1111-4000-8000-000000000010'),
  ('b1b2c3d4-2222-4000-8000-000000000011', 111.83, 'a1b2c3d4-1111-4000-8000-000000000011'),
  ('b1b2c3d4-2222-4000-8000-000000000012', 184.17, 'a1b2c3d4-1111-4000-8000-000000000012'),
  ('b1b2c3d4-2222-4000-8000-000000000013', 76.37, 'a1b2c3d4-1111-4000-8000-000000000013'),
  ('b1b2c3d4-2222-4000-8000-000000000014', 108.1, 'a1b2c3d4-1111-4000-8000-000000000014'),
  ('b1b2c3d4-2222-4000-8000-000000000015', 205.31, 'a1b2c3d4-1111-4000-8000-000000000015'),
  ('b1b2c3d4-2222-4000-8000-000000000016', 296.44, 'a1b2c3d4-1111-4000-8000-000000000016'),
  ('b1b2c3d4-2222-4000-8000-000000000017', 124.93, 'a1b2c3d4-1111-4000-8000-000000000017'),
  ('b1b2c3d4-2222-4000-8000-000000000018', 103.22, 'a1b2c3d4-1111-4000-8000-000000000018'),
  ('b1b2c3d4-2222-4000-8000-000000000019', 149.87, 'a1b2c3d4-1111-4000-8000-000000000019'),
  ('b1b2c3d4-2222-4000-8000-000000000020', 372.91, 'a1b2c3d4-1111-4000-8000-000000000020'),
  ('b1b2c3d4-2222-4000-8000-000000000021', 140.0, 'a1b2c3d4-1111-4000-8000-000000000021'),
  ('b1b2c3d4-2222-4000-8000-000000000022', 166.34, 'a1b2c3d4-1111-4000-8000-000000000022'),
  ('b1b2c3d4-2222-4000-8000-000000000023', 84.99, 'a1b2c3d4-1111-4000-8000-000000000023'),
  ('b1b2c3d4-2222-4000-8000-000000000024', 127.78, 'a1b2c3d4-1111-4000-8000-000000000024'),
  ('b1b2c3d4-2222-4000-8000-000000000025', 212.9, 'a1b2c3d4-1111-4000-8000-000000000025'),
  ('b1b2c3d4-2222-4000-8000-000000000026', 130.02, 'a1b2c3d4-1111-4000-8000-000000000026'),
  ('b1b2c3d4-2222-4000-8000-000000000027', 150.1, 'a1b2c3d4-1111-4000-8000-000000000027'),
  ('b1b2c3d4-2222-4000-8000-000000000028', 184.24, 'a1b2c3d4-1111-4000-8000-000000000028'),
  ('b1b2c3d4-2222-4000-8000-000000000029', 126.89, 'a1b2c3d4-1111-4000-8000-000000000029'),
  ('b1b2c3d4-2222-4000-8000-000000000030', 325.99, 'a1b2c3d4-1111-4000-8000-000000000030'),
  ('b1b2c3d4-2222-4000-8000-000000000031', 153.2, 'a1b2c3d4-1111-4000-8000-000000000031'),
  ('b1b2c3d4-2222-4000-8000-000000000032', 86.49, 'a1b2c3d4-1111-4000-8000-000000000032'),
  ('b1b2c3d4-2222-4000-8000-000000000033', 294.71, 'a1b2c3d4-1111-4000-8000-000000000033'),
  ('b1b2c3d4-2222-4000-8000-000000000034', 143.86, 'a1b2c3d4-1111-4000-8000-000000000034'),
  ('b1b2c3d4-2222-4000-8000-000000000035', 407.74, 'a1b2c3d4-1111-4000-8000-000000000035'),
  ('b1b2c3d4-2222-4000-8000-000000000036', 66.99, 'a1b2c3d4-1111-4000-8000-000000000036'),
  ('b1b2c3d4-2222-4000-8000-000000000037', 192.27, 'a1b2c3d4-1111-4000-8000-000000000037'),
  ('b1b2c3d4-2222-4000-8000-000000000038', 120.41, 'a1b2c3d4-1111-4000-8000-000000000038'),
  ('b1b2c3d4-2222-4000-8000-000000000039', 201.82, 'a1b2c3d4-1111-4000-8000-000000000039'),
  ('b1b2c3d4-2222-4000-8000-000000000040', 110.83, 'a1b2c3d4-1111-4000-8000-000000000040'),
  ('b1b2c3d4-2222-4000-8000-000000000041', 141.66, 'a1b2c3d4-1111-4000-8000-000000000041'),
  ('b1b2c3d4-2222-4000-8000-000000000042', 168.6, 'a1b2c3d4-1111-4000-8000-000000000042'),
  ('b1b2c3d4-2222-4000-8000-000000000043', 88.52, 'a1b2c3d4-1111-4000-8000-000000000043'),
  ('b1b2c3d4-2222-4000-8000-000000000044', 105.22, 'a1b2c3d4-1111-4000-8000-000000000044'),
  ('b1b2c3d4-2222-4000-8000-000000000045', 300.0, 'a1b2c3d4-1111-4000-8000-000000000045'),
  ('b1b2c3d4-2222-4000-8000-000000000046', 103.44, 'a1b2c3d4-1111-4000-8000-000000000046'),
  ('b1b2c3d4-2222-4000-8000-000000000047', 165.3, 'a1b2c3d4-1111-4000-8000-000000000047'),
  ('b1b2c3d4-2222-4000-8000-000000000048', 133.83, 'a1b2c3d4-1111-4000-8000-000000000048'),
  ('b1b2c3d4-2222-4000-8000-000000000049', 80.25, 'a1b2c3d4-1111-4000-8000-000000000049'),
  ('b1b2c3d4-2222-4000-8000-000000000050', 355.57, 'a1b2c3d4-1111-4000-8000-000000000050'),
  ('b1b2c3d4-2222-4000-8000-000000000051', 131.45, 'a1b2c3d4-1111-4000-8000-000000000051'),
  ('b1b2c3d4-2222-4000-8000-000000000052', 181.91, 'a1b2c3d4-1111-4000-8000-000000000052'),
  ('b1b2c3d4-2222-4000-8000-000000000053', 85.18, 'a1b2c3d4-1111-4000-8000-000000000053'),
  ('b1b2c3d4-2222-4000-8000-000000000054', 138.07, 'a1b2c3d4-1111-4000-8000-000000000054'),
  ('b1b2c3d4-2222-4000-8000-000000000055', 261.8, 'a1b2c3d4-1111-4000-8000-000000000055'),
  ('b1b2c3d4-2222-4000-8000-000000000056', 124.67, 'a1b2c3d4-1111-4000-8000-000000000056'),
  ('b1b2c3d4-2222-4000-8000-000000000057', 155.11, 'a1b2c3d4-1111-4000-8000-000000000057'),
  ('b1b2c3d4-2222-4000-8000-000000000058', 69.79, 'a1b2c3d4-1111-4000-8000-000000000058'),
  ('b1b2c3d4-2222-4000-8000-000000000059', 129.26, 'a1b2c3d4-1111-4000-8000-000000000059'),
  ('b1b2c3d4-2222-4000-8000-000000000060', 262.47, 'a1b2c3d4-1111-4000-8000-000000000060'),
  ('b1b2c3d4-2222-4000-8000-000000000061', 208.99, 'a1b2c3d4-1111-4000-8000-000000000061'),
  ('b1b2c3d4-2222-4000-8000-000000000062', 130.62, 'a1b2c3d4-1111-4000-8000-000000000062'),
  ('b1b2c3d4-2222-4000-8000-000000000063', 204.37, 'a1b2c3d4-1111-4000-8000-000000000063'),
  ('b1b2c3d4-2222-4000-8000-000000000064', 75.66, 'a1b2c3d4-1111-4000-8000-000000000064'),
  ('b1b2c3d4-2222-4000-8000-000000000065', 380.74, 'a1b2c3d4-1111-4000-8000-000000000065'),
  ('b1b2c3d4-2222-4000-8000-000000000066', 142.54, 'a1b2c3d4-1111-4000-8000-000000000066'),
  ('b1b2c3d4-2222-4000-8000-000000000067', 187.96, 'a1b2c3d4-1111-4000-8000-000000000067'),
  ('b1b2c3d4-2222-4000-8000-000000000068', 88.08, 'a1b2c3d4-1111-4000-8000-000000000068'),
  ('b1b2c3d4-2222-4000-8000-000000000069', 133.62, 'a1b2c3d4-1111-4000-8000-000000000069'),
  ('b1b2c3d4-2222-4000-8000-000000000070', 223.4, 'a1b2c3d4-1111-4000-8000-000000000070'),
  ('b1b2c3d4-2222-4000-8000-000000000071', 107.48, 'a1b2c3d4-1111-4000-8000-000000000071'),
  ('b1b2c3d4-2222-4000-8000-000000000072', 213.52, 'a1b2c3d4-1111-4000-8000-000000000072'),
  ('b1b2c3d4-2222-4000-8000-000000000073', 89.1, 'a1b2c3d4-1111-4000-8000-000000000073'),
  ('b1b2c3d4-2222-4000-8000-000000000074', 139.39, 'a1b2c3d4-1111-4000-8000-000000000074'),
  ('b1b2c3d4-2222-4000-8000-000000000075', 219.4, 'a1b2c3d4-1111-4000-8000-000000000075'),
  ('b1b2c3d4-2222-4000-8000-000000000076', 128.56, 'a1b2c3d4-1111-4000-8000-000000000076'),
  ('b1b2c3d4-2222-4000-8000-000000000077', 185.07, 'a1b2c3d4-1111-4000-8000-000000000077'),
  ('b1b2c3d4-2222-4000-8000-000000000078', 117.15, 'a1b2c3d4-1111-4000-8000-000000000078'),
  ('b1b2c3d4-2222-4000-8000-000000000079', 88.62, 'a1b2c3d4-1111-4000-8000-000000000079'),
  ('b1b2c3d4-2222-4000-8000-000000000080', 388.94, 'a1b2c3d4-1111-4000-8000-000000000080'),
  ('b1b2c3d4-2222-4000-8000-000000000081', 120.14, 'a1b2c3d4-1111-4000-8000-000000000081'),
  ('b1b2c3d4-2222-4000-8000-000000000082', 174.14, 'a1b2c3d4-1111-4000-8000-000000000082'),
  ('b1b2c3d4-2222-4000-8000-000000000083', 69.19, 'a1b2c3d4-1111-4000-8000-000000000083'),
  ('b1b2c3d4-2222-4000-8000-000000000084', 105.59, 'a1b2c3d4-1111-4000-8000-000000000084'),
  ('b1b2c3d4-2222-4000-8000-000000000085', 260.47, 'a1b2c3d4-1111-4000-8000-000000000085'),
  ('b1b2c3d4-2222-4000-8000-000000000086', 137.9, 'a1b2c3d4-1111-4000-8000-000000000086'),
  ('b1b2c3d4-2222-4000-8000-000000000087', 147.76, 'a1b2c3d4-1111-4000-8000-000000000087'),
  ('b1b2c3d4-2222-4000-8000-000000000088', 79.38, 'a1b2c3d4-1111-4000-8000-000000000088'),
  ('b1b2c3d4-2222-4000-8000-000000000089', 113.82, 'a1b2c3d4-1111-4000-8000-000000000089'),
  ('b1b2c3d4-2222-4000-8000-000000000090', 293.43, 'a1b2c3d4-1111-4000-8000-000000000090'),
  ('b1b2c3d4-2222-4000-8000-000000000091', 195.22, 'a1b2c3d4-1111-4000-8000-000000000091'),
  ('b1b2c3d4-2222-4000-8000-000000000092', 120.76, 'a1b2c3d4-1111-4000-8000-000000000092'),
  ('b1b2c3d4-2222-4000-8000-000000000093', 101.98, 'a1b2c3d4-1111-4000-8000-000000000093'),
  ('b1b2c3d4-2222-4000-8000-000000000094', 66.68, 'a1b2c3d4-1111-4000-8000-000000000094'),
  ('b1b2c3d4-2222-4000-8000-000000000095', 302.44, 'a1b2c3d4-1111-4000-8000-000000000095'),
  ('b1b2c3d4-2222-4000-8000-000000000096', 117.57, 'a1b2c3d4-1111-4000-8000-000000000096'),
  ('b1b2c3d4-2222-4000-8000-000000000097', 180.96, 'a1b2c3d4-1111-4000-8000-000000000097'),
  ('b1b2c3d4-2222-4000-8000-000000000098', 90.59, 'a1b2c3d4-1111-4000-8000-000000000098'),
  ('b1b2c3d4-2222-4000-8000-000000000099', 100.4, 'a1b2c3d4-1111-4000-8000-000000000099'),
  ('b1b2c3d4-2222-4000-8000-000000000100', 291.05, 'a1b2c3d4-1111-4000-8000-000000000100'),
  ('b1b2c3d4-2222-4000-8000-000000000101', 135.2, 'a1b2c3d4-1111-4000-8000-000000000101'),
  ('b1b2c3d4-2222-4000-8000-000000000102', 207.69, 'a1b2c3d4-1111-4000-8000-000000000102'),
  ('b1b2c3d4-2222-4000-8000-000000000103', 93.78, 'a1b2c3d4-1111-4000-8000-000000000103'),
  ('b1b2c3d4-2222-4000-8000-000000000104', 115.92, 'a1b2c3d4-1111-4000-8000-000000000104'),
  ('b1b2c3d4-2222-4000-8000-000000000105', 239.65, 'a1b2c3d4-1111-4000-8000-000000000105'),
  ('b1b2c3d4-2222-4000-8000-000000000106', 113.95, 'a1b2c3d4-1111-4000-8000-000000000106'),
  ('b1b2c3d4-2222-4000-8000-000000000107', 171.8, 'a1b2c3d4-1111-4000-8000-000000000107'),
  ('b1b2c3d4-2222-4000-8000-000000000108', 99.92, 'a1b2c3d4-1111-4000-8000-000000000108'),
  ('b1b2c3d4-2222-4000-8000-000000000109', 71.19, 'a1b2c3d4-1111-4000-8000-000000000109'),
  ('b1b2c3d4-2222-4000-8000-000000000110', 324.62, 'a1b2c3d4-1111-4000-8000-000000000110'),
  ('b1b2c3d4-2222-4000-8000-000000000111', 100.76, 'a1b2c3d4-1111-4000-8000-000000000111'),
  ('b1b2c3d4-2222-4000-8000-000000000112', 195.46, 'a1b2c3d4-1111-4000-8000-000000000112'),
  ('b1b2c3d4-2222-4000-8000-000000000113', 74.73, 'a1b2c3d4-1111-4000-8000-000000000113'),
  ('b1b2c3d4-2222-4000-8000-000000000114', 103.01, 'a1b2c3d4-1111-4000-8000-000000000114'),
  ('b1b2c3d4-2222-4000-8000-000000000115', 203.83, 'a1b2c3d4-1111-4000-8000-000000000115'),
  ('b1b2c3d4-2222-4000-8000-000000000116', 140.04, 'a1b2c3d4-1111-4000-8000-000000000116'),
  ('b1b2c3d4-2222-4000-8000-000000000117', 178.02, 'a1b2c3d4-1111-4000-8000-000000000117'),
  ('b1b2c3d4-2222-4000-8000-000000000118', 90.6, 'a1b2c3d4-1111-4000-8000-000000000118'),
  ('b1b2c3d4-2222-4000-8000-000000000119', 132.42, 'a1b2c3d4-1111-4000-8000-000000000119'),
  ('b1b2c3d4-2222-4000-8000-000000000120', 246.91, 'a1b2c3d4-1111-4000-8000-000000000120'),
  ('b1b2c3d4-2222-4000-8000-000000000121', 188.31, 'a1b2c3d4-1111-4000-8000-000000000121'),
  ('b1b2c3d4-2222-4000-8000-000000000122', 139.48, 'a1b2c3d4-1111-4000-8000-000000000122'),
  ('b1b2c3d4-2222-4000-8000-000000000123', 96.91, 'a1b2c3d4-1111-4000-8000-000000000123'),
  ('b1b2c3d4-2222-4000-8000-000000000124', 70.9, 'a1b2c3d4-1111-4000-8000-000000000124'),
  ('b1b2c3d4-2222-4000-8000-000000000125', 300.93, 'a1b2c3d4-1111-4000-8000-000000000125'),
  ('b1b2c3d4-2222-4000-8000-000000000126', 141.13, 'a1b2c3d4-1111-4000-8000-000000000126'),
  ('b1b2c3d4-2222-4000-8000-000000000127', 187.84, 'a1b2c3d4-1111-4000-8000-000000000127'),
  ('b1b2c3d4-2222-4000-8000-000000000128', 77.54, 'a1b2c3d4-1111-4000-8000-000000000128'),
  ('b1b2c3d4-2222-4000-8000-000000000129', 133.26, 'a1b2c3d4-1111-4000-8000-000000000129'),
  ('b1b2c3d4-2222-4000-8000-000000000130', 223.76, 'a1b2c3d4-1111-4000-8000-000000000130'),
  ('b1b2c3d4-2222-4000-8000-000000000131', 101.85, 'a1b2c3d4-1111-4000-8000-000000000131'),
  ('b1b2c3d4-2222-4000-8000-000000000132', 161.17, 'a1b2c3d4-1111-4000-8000-000000000132'),
  ('b1b2c3d4-2222-4000-8000-000000000133', 84.45, 'a1b2c3d4-1111-4000-8000-000000000133'),
  ('b1b2c3d4-2222-4000-8000-000000000134', 125.89, 'a1b2c3d4-1111-4000-8000-000000000134'),
  ('b1b2c3d4-2222-4000-8000-000000000135', 206.28, 'a1b2c3d4-1111-4000-8000-000000000135'),
  ('b1b2c3d4-2222-4000-8000-000000000136', 136.16, 'a1b2c3d4-1111-4000-8000-000000000136'),
  ('b1b2c3d4-2222-4000-8000-000000000137', 179.99, 'a1b2c3d4-1111-4000-8000-000000000137'),
  ('b1b2c3d4-2222-4000-8000-000000000138', 121.73, 'a1b2c3d4-1111-4000-8000-000000000138'),
  ('b1b2c3d4-2222-4000-8000-000000000139', 84.22, 'a1b2c3d4-1111-4000-8000-000000000139'),
  ('b1b2c3d4-2222-4000-8000-000000000140', 360.51, 'a1b2c3d4-1111-4000-8000-000000000140'),
  ('b1b2c3d4-2222-4000-8000-000000000141', 130.49, 'a1b2c3d4-1111-4000-8000-000000000141'),
  ('b1b2c3d4-2222-4000-8000-000000000142', 164.97, 'a1b2c3d4-1111-4000-8000-000000000142'),
  ('b1b2c3d4-2222-4000-8000-000000000143', 64.05, 'a1b2c3d4-1111-4000-8000-000000000143'),
  ('b1b2c3d4-2222-4000-8000-000000000144', 112.94, 'a1b2c3d4-1111-4000-8000-000000000144'),
  ('b1b2c3d4-2222-4000-8000-000000000145', 257.07, 'a1b2c3d4-1111-4000-8000-000000000145'),
  ('b1b2c3d4-2222-4000-8000-000000000146', 104.99, 'a1b2c3d4-1111-4000-8000-000000000146'),
  ('b1b2c3d4-2222-4000-8000-000000000147', 192.11, 'a1b2c3d4-1111-4000-8000-000000000147'),
  ('b1b2c3d4-2222-4000-8000-000000000148', 80.75, 'a1b2c3d4-1111-4000-8000-000000000148'),
  ('b1b2c3d4-2222-4000-8000-000000000149', 113.31, 'a1b2c3d4-1111-4000-8000-000000000149'),
  ('b1b2c3d4-2222-4000-8000-000000000150', 295.34, 'a1b2c3d4-1111-4000-8000-000000000150');

-- ============================================================
-- PRICING_RULE: ~50 rules (seasonal + guest-based surcharges)
-- ============================================================
INSERT INTO pricing_rule (id, price_id, date_init, date_finish, min_guests, max_guests, percentage) VALUES
  ('c1c2c3d4-3333-4000-8000-000000000001', 'b1b2c3d4-2222-4000-8000-000000000001', '2027-06-01', '2027-08-31', NULL, NULL, 25.00),
  ('c1c2c3d4-3333-4000-8000-000000000002', 'b1b2c3d4-2222-4000-8000-000000000002', '2027-06-01', '2027-08-31', NULL, NULL, 25.00),
  ('c1c2c3d4-3333-4000-8000-000000000003', 'b1b2c3d4-2222-4000-8000-000000000003', '2027-06-01', '2027-08-31', NULL, NULL, 25.00),
  ('c1c2c3d4-3333-4000-8000-000000000004', 'b1b2c3d4-2222-4000-8000-000000000004', '2027-06-01', '2027-08-31', NULL, NULL, 25.00),
  ('c1c2c3d4-3333-4000-8000-000000000005', 'b1b2c3d4-2222-4000-8000-000000000005', '2027-06-01', '2027-08-31', NULL, NULL, 25.00),
  ('c1c2c3d4-3333-4000-8000-000000000006', 'b1b2c3d4-2222-4000-8000-000000000006', '2027-06-01', '2027-08-31', NULL, NULL, 25.00),
  ('c1c2c3d4-3333-4000-8000-000000000007', 'b1b2c3d4-2222-4000-8000-000000000007', '2027-06-01', '2027-08-31', NULL, NULL, 25.00),
  ('c1c2c3d4-3333-4000-8000-000000000008', 'b1b2c3d4-2222-4000-8000-000000000008', '2027-06-01', '2027-08-31', NULL, NULL, 25.00),
  ('c1c2c3d4-3333-4000-8000-000000000009', 'b1b2c3d4-2222-4000-8000-000000000009', '2027-06-01', '2027-08-31', NULL, NULL, 25.00),
  ('c1c2c3d4-3333-4000-8000-000000000010', 'b1b2c3d4-2222-4000-8000-000000000010', '2027-06-01', '2027-08-31', NULL, NULL, 25.00),
  ('c1c2c3d4-3333-4000-8000-000000000011', 'b1b2c3d4-2222-4000-8000-000000000011', '2027-06-01', '2027-08-31', NULL, NULL, 25.00),
  ('c1c2c3d4-3333-4000-8000-000000000012', 'b1b2c3d4-2222-4000-8000-000000000012', '2027-06-01', '2027-08-31', NULL, NULL, 25.00),
  ('c1c2c3d4-3333-4000-8000-000000000013', 'b1b2c3d4-2222-4000-8000-000000000013', '2027-06-01', '2027-08-31', NULL, NULL, 25.00),
  ('c1c2c3d4-3333-4000-8000-000000000014', 'b1b2c3d4-2222-4000-8000-000000000014', '2027-06-01', '2027-08-31', NULL, NULL, 25.00),
  ('c1c2c3d4-3333-4000-8000-000000000015', 'b1b2c3d4-2222-4000-8000-000000000015', '2027-06-01', '2027-08-31', NULL, NULL, 25.00),
  ('c1c2c3d4-3333-4000-8000-000000000016', 'b1b2c3d4-2222-4000-8000-000000000016', '2027-01-01', '2027-03-31', NULL, NULL, -15.00),
  ('c1c2c3d4-3333-4000-8000-000000000017', 'b1b2c3d4-2222-4000-8000-000000000017', '2027-01-01', '2027-03-31', NULL, NULL, -15.00),
  ('c1c2c3d4-3333-4000-8000-000000000018', 'b1b2c3d4-2222-4000-8000-000000000018', '2027-01-01', '2027-03-31', NULL, NULL, -15.00),
  ('c1c2c3d4-3333-4000-8000-000000000019', 'b1b2c3d4-2222-4000-8000-000000000019', '2027-01-01', '2027-03-31', NULL, NULL, -15.00),
  ('c1c2c3d4-3333-4000-8000-000000000020', 'b1b2c3d4-2222-4000-8000-000000000020', '2027-01-01', '2027-03-31', NULL, NULL, -15.00),
  ('c1c2c3d4-3333-4000-8000-000000000021', 'b1b2c3d4-2222-4000-8000-000000000021', '2027-01-01', '2027-03-31', NULL, NULL, -15.00),
  ('c1c2c3d4-3333-4000-8000-000000000022', 'b1b2c3d4-2222-4000-8000-000000000022', '2027-01-01', '2027-03-31', NULL, NULL, -15.00),
  ('c1c2c3d4-3333-4000-8000-000000000023', 'b1b2c3d4-2222-4000-8000-000000000023', '2027-01-01', '2027-03-31', NULL, NULL, -15.00),
  ('c1c2c3d4-3333-4000-8000-000000000024', 'b1b2c3d4-2222-4000-8000-000000000024', '2027-01-01', '2027-03-31', NULL, NULL, -15.00),
  ('c1c2c3d4-3333-4000-8000-000000000025', 'b1b2c3d4-2222-4000-8000-000000000025', '2027-01-01', '2027-03-31', NULL, NULL, -15.00),
  ('c1c2c3d4-3333-4000-8000-000000000026', 'b1b2c3d4-2222-4000-8000-000000000026', '2027-01-01', '2027-03-31', NULL, NULL, -15.00),
  ('c1c2c3d4-3333-4000-8000-000000000027', 'b1b2c3d4-2222-4000-8000-000000000027', '2027-01-01', '2027-03-31', NULL, NULL, -15.00),
  ('c1c2c3d4-3333-4000-8000-000000000028', 'b1b2c3d4-2222-4000-8000-000000000028', '2027-01-01', '2027-03-31', NULL, NULL, -15.00),
  ('c1c2c3d4-3333-4000-8000-000000000029', 'b1b2c3d4-2222-4000-8000-000000000029', '2027-01-01', '2027-03-31', NULL, NULL, -15.00),
  ('c1c2c3d4-3333-4000-8000-000000000030', 'b1b2c3d4-2222-4000-8000-000000000030', '2027-01-01', '2027-03-31', NULL, NULL, -15.00),
  ('c1c2c3d4-3333-4000-8000-000000000031', 'b1b2c3d4-2222-4000-8000-000000000006', NULL, NULL, 7, NULL, 10.00),
  ('c1c2c3d4-3333-4000-8000-000000000032', 'b1b2c3d4-2222-4000-8000-000000000009', NULL, NULL, 7, NULL, 10.00),
  ('c1c2c3d4-3333-4000-8000-000000000033', 'b1b2c3d4-2222-4000-8000-000000000016', NULL, NULL, 7, NULL, 10.00),
  ('c1c2c3d4-3333-4000-8000-000000000034', 'b1b2c3d4-2222-4000-8000-000000000020', NULL, NULL, 7, NULL, 10.00),
  ('c1c2c3d4-3333-4000-8000-000000000035', 'b1b2c3d4-2222-4000-8000-000000000025', NULL, NULL, 7, NULL, 10.00),
  ('c1c2c3d4-3333-4000-8000-000000000036', 'b1b2c3d4-2222-4000-8000-000000000030', NULL, NULL, 7, NULL, 10.00),
  ('c1c2c3d4-3333-4000-8000-000000000037', 'b1b2c3d4-2222-4000-8000-000000000033', NULL, NULL, 7, NULL, 10.00),
  ('c1c2c3d4-3333-4000-8000-000000000038', 'b1b2c3d4-2222-4000-8000-000000000035', NULL, NULL, 7, NULL, 10.00),
  ('c1c2c3d4-3333-4000-8000-000000000039', 'b1b2c3d4-2222-4000-8000-000000000039', NULL, NULL, 7, NULL, 10.00),
  ('c1c2c3d4-3333-4000-8000-000000000040', 'b1b2c3d4-2222-4000-8000-000000000045', NULL, NULL, 7, NULL, 10.00);

-- ============================================================
-- DISCOUNT: 5 reusable discount codes
-- Booking IDs are dummy UUIDs (discounts not yet applied)
-- ============================================================
INSERT INTO discount (id, code, creation_date, expiration_date, discount_value, used, booking_id) VALUES
  ('d1d2d3d4-4444-4000-8000-000000000001', 'SAVE10', '2026-01-01', '2028-12-31', 10.0, false, 'e1e2e3e4-5555-4000-8000-000000000001'),
  ('d1d2d3d4-4444-4000-8000-000000000002', 'SPRING20', '2026-01-01', '2028-12-31', 20.0, false, 'e1e2e3e4-5555-4000-8000-000000000002'),
  ('d1d2d3d4-4444-4000-8000-000000000003', 'VIP15', '2026-01-01', '2028-12-31', 15.0, false, 'e1e2e3e4-5555-4000-8000-000000000003'),
  ('d1d2d3d4-4444-4000-8000-000000000004', 'WELCOME5', '2026-01-01', '2028-12-31', 5.0, false, 'e1e2e3e4-5555-4000-8000-000000000004'),
  ('d1d2d3d4-4444-4000-8000-000000000005', 'LOYALTY25', '2026-01-01', '2028-12-31', 25.0, false, 'e1e2e3e4-5555-4000-8000-000000000005');
